ID,Expression,HalideResult,HalideTime
1,(min (! (== (+ (/ (- (/ (- (+ v0 v1) 1) 17) (/ v1 17)) 24) 1) (+ (/ (- (/ (- (+ v0 v1) 1) 17) (/ v1 17)) 24) 1))) (<= (! (== (- (max (min (+ (* v0 128) v1) (- (min (+ v2 v1) 2000) 128)) -127) (+ (max (min (+ (* v0 128) v1) (- (min (+ v2 v1) 2127) 128)) 0) (* v3 4))) (- (max (min (+ (* v0 128) v1) (- (min (+ v2 v1) 2000) 128)) -127) (+ (max (min (+ (* v0 128) v1) (- (min (+ v2 v1) 2127) 128)) 0) (* v3 4))))) (== (! (== (min (max (- (/ (+ v0 6) 4) v1) -1) (+ (min (- (- (/ (+ (+ v2 v3) 3) 4) (* v4 63)) (/ v3 4)) 60) 2)) (min (max (- (/ (+ v0 6) 4) v1) -1) (+ (min (- (- (/ (+ (+ v2 v3) 3) 4) (* v4 63)) (/ v3 4)) 60) 2)))) (!= (! (== (min (+ (max (min (* (/ v0 32) 4) 285) 36) (* v1 4)) (+ (max (min (* (/ (+ (+ v2 v0) 127) 32) 4) 246) -3) 36)) (min (+ (max (min (* (/ v0 32) 4) 285) 36) (* v1 4)) (+ (max (min (* (/ (+ (+ v2 v0) 127) 32) 4) 246) -3) 36)))) (! (== (* (/ (* v0 -1024) 128) 128) (* v0 -1024))))))),0,1
2,(&& (>= (! (== (+ (max (* (min (/ v0 2) 1003) 2) 7) (* v1 96)) (+ (max (* (min (/ v0 2) 1003) 2) 7) (* v1 96)))) (! (== (- (min (- (/ (+ (+ v0 v1) 1) 2) (* v2 504)) (+ (/ v1 2) 503)) (+ (* v3 4) (+ (/ v1 2) (* v4 252)))) (- (min (- (/ (+ (+ v0 v1) 1) 2) (* v2 504)) (+ (/ v1 2) 503)) (+ (* v3 4) (+ (/ v1 2) (* v4 252))))))) (<= (>= (! (== (min (+ v0 37) v1) (min (+ v0 37) v1))) (! (<= (max (+ (min 1999 (- (+ (- (+ (* v2 1000) v3) 3) (+ (min v1 1000) 11)) 1)) 1) (min (max 0 (- (+ (* v2 1000) v3) 3)) (+ (+ (min v1 1000) 11) (- (+ (* v2 1000) v3) 3)))) (min (max 0 (- (+ (* v2 1000) v3) 3)) (+ (+ (min v1 1000) 11) (- (+ (* v2 1000) v3) 3)))))) (! (== (* (+ (* v0 32) v1) 8) (* (+ (* v0 32) v1) 8))))),0,1
3,(> (! (== (min (* v0 2) (+ (* (+ (max (min (/ v1 2) 999) 0) (* v2 2)) 2) 1)) (min (* v0 2) (+ (* (+ (max (min (/ v1 2) 999) 0) (* v2 2)) 2) 1)))) (<= (max (! (== (+ (* (- (/ (- (+ v0 v1) 1) 63) (/ v1 63)) 4) 1) (+ (* (- (/ (- (+ v0 v1) 1) 63) (/ v1 63)) 4) 1))) (! (== (* (/ (* (min (+ (* (% v2 (/ (+ v3 102) 16)) 128) (* (max (min (* (/ v1 125) 16) 286) 37) 8)) (+ (* (max (min (* (/ (+ (+ v4 v1) 124) 125) 16) 204) -45) 8) 564)) -1) 4) 4) (* (min (+ (* (% v2 (/ (+ v3 102) 16)) 128) (* (max (min (* (/ v1 125) 16) 286) 37) 8)) (+ (* (max (min (* (/ (+ (+ v4 v1) 124) 125) 16) 204) -45) 8) 564)) -1)))) (&& (! (&& (&& (&& (&& (&& (&& 1 (<= (- (+ (* (+ (* v0 2) v1) 4) 0) 4) (- (* (+ (* v0 2) v1) 4) 4))) (>= (- (+ (* (+ (* v0 2) v1) 4) 3) 4) (- (+ (* (+ (* v0 2) v1) 4) 3) 4))) (<= (% (- (+ (+ v2 v3) v4) 4) 4) (% (- (+ (+ v2 v3) v4) 4) 4))) (>= (% (- (+ (+ v2 v3) v4) 4) 4) (% (- (+ (+ v2 v3) v4) 4) 4))) (<= v5 v5)) (>= v5 v5))) (! (== (- (min (/ (+ (% (+ (min (* v0 125) (- v1 125)) v2) 8) 124) 8) (+ (* v3 8) 7)) (* (+ (* v3 2) v4) 4)) (- (min (/ (+ (% (+ (min (* v0 125) (- v1 125)) v2) 8) 124) 8) (+ (* v3 8) 7)) (* (+ (* v3 2) v4) 4))))))),0,1
4,(!= (&& (! (&& (&& (&& (&& (&& (&& 1 (<= (- v0 9) (- (- (+ (+ (* (max -2 0) 4) v0) 0) 4) 5))) (>= (+ (+ (* v1 4) v0) 12) (- (+ (+ (+ (* (+ v1 3) 4) v0) 3) 2) 5))) (<= (- (+ (+ (+ (* v2 129) v3) v4) 0) 8) (- (- (+ (+ (* v2 129) v3) v4) 4) 10))) (>= (- (+ (+ (+ (* v2 129) v3) v4) 3) 8) (- (+ (+ (+ (* v2 129) v3) v4) 2) 10))) (<= v5 v5)) (>= v5 v5))) (>= (min (! (== (min (/ (+ (+ v0 v1) 7) 8) (+ (+ (/ v1 8) (* (/ v2 4) 4)) 3)) (min (/ (+ (+ v0 v1) 7) 8) (+ (+ (/ v1 8) (* (/ v2 4) 4)) 3)))) (! (== (* (/ (* (% v0 (/ (+ v1 47) 8)) -64) 32) 32) (* (% v0 (/ (+ v1 47) 8)) -64)))) (! (== (* (/ (* (% v0 (/ (+ (* v1 32) 463) 40)) -40) 4) 4) (* (% v0 (/ (+ (* v1 32) 463) 40)) -40))))) (! (== (/ (+ (min (- v0 v1) 104) 13) 2) (/ (+ (min (- v0 v1) 104) 13) 2)))),0,1
5,(== (min (! (== (+ (min (- (- (/ (- (+ v0 v1) 1) 63) (* v2 8)) (/ v1 63)) 7) 3) (+ (min (- (- (/ (- (+ v0 v1) 1) 63) (* v2 8)) (/ v1 63)) 7) 3))) (! (== (min (* (/ (- (+ v0 v1) 1) 8) 8) (+ (* v2 8) 989)) (min (* (/ (- (+ v0 v1) 1) 8) 8) (+ (* v2 8) 989))))) (|| (! (== (min (+ (+ (* v0 8) v1) 7) v2) (min (+ (+ (* v0 8) v1) 7) v2))) (! (&& (! (== (min (+ (* v0 12) (* v1 16)) (+ (* v2 16) 71)) (min (+ (* v0 12) (* v1 16)) (+ (* v2 16) 71)))) (! (!= (/ (+ (- v0 v1) 81) 68) 0)))))),0,1
6,(>= (! (max (<= (! (== (min (/ (+ (* v0 8) 91) 68) (+ (max (min (/ (+ (* v0 8) 23) 68) (/ (+ (* v0 2) 5) 17)) (/ (+ (* v0 8) 24) 68)) 1)) (min (/ (+ (* v0 8) 91) 68) (+ (max (min (/ (+ (* v0 8) 23) 68) (/ (+ (* v0 2) 5) 17)) (/ (+ (* v0 8) 24) 68)) 1)))) (! (== (/ (+ (* (- v0 v1) 8) 1545) 991) (/ (+ (* (- v0 v1) 8) 1545) 991)))) (! (== (min (* (max (min (/ (+ (+ v0 v1) 127) 8) 249) 0) 8) (- (* (max (min (/ (+ v0 v1) 8) 249) 0) 8) 5)) (min (* (max (min (/ (+ (+ v0 v1) 127) 8) 249) 0) 8) (- (* (max (min (/ (+ v0 v1) 8) 249) 0) 8) 5)))))) (min (! (== (- (* (/ (- (+ v0 v1) 1) 1000) 16) (+ (* (+ (* (/ v1 1000) 4) v2) 4) v3)) (- (* (/ (- (+ v0 v1) 1) 1000) 16) (+ (* (+ (* (/ v1 1000) 4) v2) 4) v3)))) (! (== (* (/ (* (% v0 (/ (+ v1 19) 16)) -64) 16) 16) (* (% v0 (/ (+ v1 19) 16)) -64))))),0,1
7,(!= (!= (! (== (min (+ (/ v0 2) (* v1 2)) (+ v2 1)) (min (+ (/ v0 2) (* v1 2)) (+ v2 1)))) (! (== (- (* v0 4) 29) (- (+ (- (* v0 4) 29) (+ (* (min v1 3) 4) 54)) 1)))) (<= (! (>= (! (== (* (/ (* (min (+ (* (% v3 (/ (+ (* v4 64) 791) 696)) 696) (+ (* (/ v2 63) 64) 600)) (* (/ (- (+ v1 v2) 1) 63) 64)) -1) 4) 4) (* (min (+ (* (% v3 (/ (+ (* v4 64) 791) 696)) 696) (+ (* (/ v2 63) 64) 600)) (* (/ (- (+ v1 v2) 1) 63) 64)) -1))) (! (== (min (/ (- (+ v0 v1) 1) 32) (+ v2 31)) (min (/ (- (+ v0 v1) 1) 32) (+ v2 31)))))) (! (== (min (* (max v0 0) 8) (+ (+ (min (* v1 120) 236) v2) 108)) (min (* (max v0 0) 8) (+ (+ (min (* v1 120) 236) v2) 108)))))),0,1
8,(< (<= (! (&& (&& (&& (&& (&& (&& 1 (<= (+ (+ (* v0 4) v1) 0) (+ (+ (* v0 4) 0) v1))) (>= (+ (+ (* v0 4) v1) 3) (+ (+ (* v0 4) (- (+ 4 0) 1)) v1))) (<= 0 0)) (>= 0 0)) (<= (+ (* v2 8) v3) (+ (* v2 8) v3))) (>= (+ (* v2 8) v3) (+ (* v2 8) v3)))) (< (! (== (min (max (* (/ v0 2) 2) v1) (+ (* (+ (/ v0 2) v2) 2) 2)) (min (max (* (/ v0 2) 2) v1) (+ (* (+ (/ v0 2) v2) 2) 2)))) (! (== (+ (* v0 15) (+ (* v1 3) v2)) (+ (* v0 15) (+ (* v1 3) v2)))))) (<= (! (== (min (+ (+ (/ v0 2) (* (/ v1 2) 2)) 1) v2) (min (+ (+ (/ v0 2) (* (/ v1 2) 2)) 1) v2))) (! (&& (&& (&& (&& (&& (&& 1 (<= (+ 0 (- v0 5)) (- (+ (+ (* (+ (* (max -1 0) 16) 0) 4) v0) 0) 5))) (>= (+ 3 (+ v0 124)) (+ (+ (+ (* (+ (* 1 16) 15) 4) v0) 3) 0))) (<= (+ v1 v2) (- (+ v1 v2) 5))) (>= (+ v1 v2) (+ (+ v1 v2) 0))) (<= 0 0)) (>= 15 15))))),0,1
9,(< (|| (! (== (+ (/ v0 8) (* v1 2)) (+ (/ v0 8) (* v1 2)))) (! (== (max (min (max (/ (+ (- v0 (* (/ v1 8) 8)) 546) 512) 0) (/ (+ v2 67) 64)) (+ (min (min (min (min (min (/ (- v2 60) 64) (/ (+ (- (+ v3 v0) (* (/ v1 8) 8)) 31) 512)) (/ (+ (- (+ v3 v0) (* (/ v1 8) 8)) 32) 512)) (/ (+ (- (+ v3 v0) (* (/ v1 8) 8)) 33) 512)) (/ (+ (- (+ v3 v0) (* (/ v1 8) 8)) 34) 512)) (/ (+ v2 3) 64)) 1)) (max (min (max (/ (+ (- v0 (* (/ v1 8) 8)) 546) 512) 0) (/ (+ v2 67) 64)) (+ (min (min (min (min (min (/ (- v2 60) 64) (/ (+ (- (+ v3 v0) (* (/ v1 8) 8)) 31) 512)) (/ (+ (- (+ v3 v0) (* (/ v1 8) 8)) 32) 512)) (/ (+ (- (+ v3 v0) (* (/ v1 8) 8)) 33) 512)) (/ (+ (- (+ v3 v0) (* (/ v1 8) 8)) 34) 512)) (/ (+ v2 3) 64)) 1))))) (min (! (>= (! (== (min (+ (* v0 4) v1) (- (* v2 8) 54)) (min (+ (* v0 4) v1) (- (* v2 8) 54)))) (! (< (+ (+ (min (* v0 3) 20) v1) v2) (+ (+ (min (* v0 3) 20) (+ v1 1)) v2))))) (! (== (min (* (+ (* (+ (* v0 4) v1) 2) v2) 4) (+ (* (min (+ (max v3 249) 8) (+ (min v4 0) (+ (min (* v0 4) 23) (* v5 16)))) 8) 32)) (min (* (+ (* (+ (* v0 4) v1) 2) v2) 4) (+ (* (min (+ (max v3 249) 8) (+ (min v4 0) (+ (min (* v0 4) 23) (* v5 16)))) 8) 32)))))),0,1
10,(== (! (== (min (max (min v0 1999) 0) (- (max (min v1 1999) 0) 2)) (min (max (min v0 1999) 0) (- (max (min v1 1999) 0) 2)))) (|| (! (< (! (== (+ (min (* v0 4) 123) (min (+ (+ (min (* v1 127) 380) (+ (/ v2 2) (* v3 501))) 119) v4)) (+ (min (* v0 4) 123) (min (+ (+ (min (* v1 127) 380) (+ (/ v2 2) (* v3 501))) 119) v4)))) (! (== (- (* v0 4) 308) (- (+ (- (* v0 4) 308) 320) 1))))) (>= (! (== (- (* (/ (- (+ v0 v1) 1) 63) 2) (+ (* (/ v1 63) 2) v2)) (- (* (/ (- (+ v0 v1) 1) 63) 2) (+ (* (/ v1 63) 2) v2)))) (! (== (+ (max (min v0 1999) 0) (* v1 12)) (+ (max (min v0 1999) 0) (* v1 12))))))),0,1
11,(!= (! (|| (! (== (/ (+ v0 1017) 1006) (/ (+ v0 1017) 1006))) (! (== (! (== (- (min (- (/ (- (+ v0 v1) 1) 8) (* v2 16)) (+ (/ v1 8) 15)) (+ (/ v1 8) (* v3 4))) (- (min (- (/ (- (+ v0 v1) 1) 8) (* v2 16)) (+ (/ v1 8) 15)) (+ (/ v1 8) (* v3 4))))) (! (== (/ v0 (/ (+ v1 14) 9)) (/ v0 (/ (+ v1 14) 9)))))))) (&& (! (== (- (* (+ (* (+ v0 v1) 4) v2) 8) 194) (- (+ (- (* (+ (* (+ v0 v1) 4) v2) 8) 194) 8) 1))) (! (== (min (+ (max (min (+ v0 v1) 1872) -127) 127) v2) (min (+ (max (min (+ v0 v1) 1872) -127) 127) v2))))),0,1
12,(!= (>= (== (! (>= (- (* (/ (+ v0 v1) 4) 4) 10) (- (+ (- (* (/ (+ v0 v1) 4) 4) 10) 156) 1))) (! (== (/ (+ (- v0 v1) 60) 24) (/ (+ (- v0 v1) 60) 24)))) (! (== (/ (+ (- (max (min (* (/ (+ (+ v0 v1) 447) 32) 32) 1994) -5) (max (min (* (/ v1 32) 32) 2609) 610)) 1283) 668) (/ (+ (- (max (min (* (/ (+ (+ v0 v1) 447) 32) 32) 1994) -5) (max (min (* (/ v1 32) 32) 2609) 610)) 1283) 668)))) (&& (! (== (min (+ (max (- (/ (+ v0 7) 4) (/ v1 4)) -1) 1) v2) (min (+ (max (- (/ (+ v0 7) 4) (/ v1 4)) -1) 1) v2))) (! (&& (&& (&& (&& (&& (&& 1 (<= (- v0 3) (- v0 3))) (>= (+ v0 2) (+ v0 2))) (<= (+ (+ (+ v1 v2) 0) 1) (- (+ v1 v2) 3))) (>= (+ (+ (+ v1 v2) 3) 1) (+ (+ v1 v2) 1))) (<= 0 0)) (>= 2 2))))),0,1
13,(< (max (! (>= (- (* (+ (+ (* v0 2) v1) v2) 8) 13) (- (+ (- (* (+ (+ (* v0 2) v1) v2) 8) 13) 27) 1))) (|| (! (== (+ (max (* v0 4) -2) (* (/ (min (* v0 4) -2) 2) 2)) (+ (max (* v0 4) -2) (* (/ (min (* v0 4) -2) 2) 2)))) (! (== (+ (* v0 16) (- (max (min (+ (* v1 85) v2) 1499) 500) (max (min (+ (* v1 85) v2) 1415) 416))) (+ (* v0 16) (- (max (min (+ (* v1 85) v2) 1499) 500) (max (min (+ (* v1 85) v2) 1415) 416))))))) (min (! (!= (/ (+ (- v0 v1) 20) 9) 0)) (! (== (min (- 7 (* (- (+ (max (min (/ v0 2) 999) 0) (* (+ (* v1 9) v2) 2)) (min (- (max (min (/ (- (+ v3 v0) 1) 2) 999) 0) (* v4 64)) (+ (max (min (/ v0 2) 999) 0) 63))) 2)) (- 67 (* (+ (* v1 9) v2) 4))) (min (- 7 (* (- (+ (max (min (/ v0 2) 999) 0) (* (+ (* v1 9) v2) 2)) (min (- (max (min (/ (- (+ v3 v0) 1) 2) 999) 0) (* v4 64)) (+ (max (min (/ v0 2) 999) 0) 63))) 2)) (- 67 (* (+ (* v1 9) v2) 4))))))),0,1
14,(> (! (== (min (- 1965 (max (min (+ (* v0 148) (+ (* (+ (/ v1 63) (* v2 8)) 64) (* v3 264))) 2044) 45)) (+ v4 147)) (min (- 1965 (max (min (+ (* v0 148) (+ (* (+ (/ v1 63) (* v2 8)) 64) (* v3 264))) 2044) 45)) (+ v4 147)))) (! (!= (> (< (! (== (/ (+ (- (max (min (+ v0 v1) 1996) -3) (max (min v1 2000) 1)) 140) 128) (/ (+ (- (max (min (+ v0 v1) 1996) -3) (max (min v1 2000) 1)) 140) 128))) (! (== (- (/ (+ v0 2) 4) (* v1 2)) (- (/ (+ v0 2) 4) (* v1 2))))) (! (== (* v0 4) (- (+ (* v0 4) (+ (* (min v1 31) 4) 4)) 1)))) (! (== (/ (+ (* (- (max (min (/ (+ (+ v0 v1) 7) 8) 249) 0) (max (min (/ v1 8) 254) 5)) 8) 729) 671) (/ (+ (* (- (max (min (/ (+ (+ v0 v1) 7) 8) 249) 0) (max (min (/ v1 8) 254) 5)) 8) 729) 671)))))),0,1
15,(|| (== (!= (! (== (min (+ (max (min (* v0 8) 2002) 3) (* (/ (+ v1 73) 4) 4)) (+ (max (min (* v0 8) 1938) -61) 70)) (min (+ (max (min (* v0 8) 2002) 3) (* (/ (+ v1 73) 4) 4)) (+ (max (min (* v0 8) 1938) -61) 70)))) (! (>= (max (/ (+ v0 5) 253) 0) (- (+ (max (/ (+ v0 5) 253) 0) (max (- (/ (+ v0 257) 253) (max (/ (+ v0 5) 253) 0)) 0)) 1)))) (>= (! (!= (/ (+ (* v0 8) 259) 252) 0)) (! (&& (&& (&& (&& (&& (&& 1 (<= (+ (+ (* v0 4) v1) 0) (+ (+ (* v0 4) 0) v1))) (>= (+ (+ (* v0 4) v1) 3) (+ (+ (* v0 4) (- (+ 4 0) 1)) v1))) (<= (+ (/ v2 4) (* v3 4)) (+ (/ (+ v2 0) 4) (* v3 4)))) (>= (+ (/ (+ v2 15) 4) (* v3 4)) (+ (/ (+ v2 (- (+ 16 0) 1)) 4) (* v3 4)))) (<= 0 0)) (>= 0 0))))) (! (!= (/ (+ v0 261) 252) 0))),0,1
16,(&& (!= (! (== (min (+ (max (min (+ (min (* v0 63) 62) (+ v1 v2)) 1937) -62) 60) v3) (min (+ (max (min (+ (min (* v0 63) 62) (+ v1 v2)) 1937) -62) 60) v3))) (! (== (+ (min (* v0 64) 936) (+ v1 v2)) (+ (min (* v0 64) 936) (+ v1 v2))))) (max (>= (! (&& (&& (&& (&& (&& (&& 1 (<= (+ (+ 0 (+ (max (* v0 500) -2) v1)) 2) (+ (* v0 500) v1))) (>= (+ (+ 1 (+ (+ (* (/ (min (* v0 500) -2) 2) 2) (+ (max (* v0 500) -2) v1)) 500)) 2) (+ (+ (* v0 500) v1) 501))) (<= (+ (+ (* 0 4) v2) 0) v2)) (>= (+ (+ (* 31 4) v2) 3) (+ v2 124))) (<= 0 0)) (>= 0 0))) (! (== (min (* (- (/ (+ (+ v0 v1) 1999) 2000) (/ v1 2000)) 256) (+ (* v2 256) 399)) (min (* (- (/ (+ (+ v0 v1) 1999) 2000) (/ v1 2000)) 256) (+ (* v2 256) 399))))) (! (== (* (min (/ (+ (+ v0 v1) 63) 8) (+ v2 15)) 8) (* (min (/ (+ (+ v0 v1) 63) 8) (+ v2 15)) 8))))),0,1
17,(! (max (! (== (min (* (+ (/ v0 4) v1) 4) (+ (* (+ (/ v0 4) (* v2 16)) 4) 39)) (min (* (+ (/ v0 4) v1) 4) (+ (* (+ (/ v0 4) (* v2 16)) 4) 39)))) (! (<= (&& (>= (! (== (min (/ (- (+ v0 v1) 1) 4) (+ (+ (min (* v2 128) 124) v3) 127)) (min (/ (- (+ v0 v1) 1) 4) (+ (+ (min (* v2 128) 124) v3) 127)))) (! (== (+ (max (min (/ v0 2) 1006) 7) (* v1 16)) (+ (max (min (/ v0 2) 1006) 7) (* v1 16))))) (! (&& (&& (&& (&& (&& (&& 1 (<= (+ 0 (- (+ (* (+ (* v0 7) v1) 12) v2) 5)) (- (+ 0 (+ (* (+ (* v0 7) v1) 12) v2)) 5))) (>= (+ 3 (+ (+ (* (+ (* v0 7) v1) 12) v2) 8)) (+ (+ (- (+ 4 0) 1) (+ (+ (* (+ (* v0 7) v1) 12) v2) 8)) (- (- 6 5) 1)))) (<= (+ -5 v3) (+ -5 v3))) (>= (+ (- (- 6 5) 1) v3) (+ (- (- 6 5) 1) v3))) (<= v4 v4)) (>= v4 v4)))) (! (== (- (min (- (/ (+ (+ v0 v1) 63) 8) (* v2 16)) (+ (/ v1 8) 14)) (+ (/ v1 8) (* v3 4))) (- (min (- (/ (+ (+ v0 v1) 63) 8) (* v2 16)) (+ (/ v1 8) 14)) (+ (/ v1 8) (* v3 4))))))))),0,1
18,(>= (max (! (== (min (+ (max (min (* (+ (* v0 34) v1) 2) 2003) 4) (* (/ (+ v2 11) 4) 4)) (+ (* (min v3 996) 2) 12)) (min (+ (max (min (* (+ (* v0 34) v1) 2) 2003) 4) (* (/ (+ v2 11) 4) 4)) (+ (* (min v3 996) 2) 12)))) (&& (! (<= (max (+ (min (min (min (min 1999 1999) (- (min (+ v3 v4) 2000) 1)) (- (min (* (max (min (/ v1 8) 254) 5) 8) (+ (* v2 8) 55)) 52)) (- (+ (- (* v6 8) 52) (+ (* (min v5 10) 8) 59)) 1)) 1) (min (max (max (max 0 0) (max v4 0)) (- (* v6 8) 52)) (+ (+ (* (min v5 10) 8) 59) (- (* v6 8) 52)))) (min (max (max (max 0 0) (max v4 0)) (- (* v6 8) 52)) (+ (+ (* (min v5 10) 8) 59) (- (* v6 8) 52))))) (! (== (min (+ (* (/ (+ (- (max (* (/ (- (+ v0 v1) 1) 65) 8) 239) v2) 14) 4) 4) v2) (+ (max (* (/ (- (+ v0 v1) 1) 65) 8) 239) 11)) (min (+ (* (/ (+ (- (max (* (/ (- (+ v0 v1) 1) 65) 8) 239) v2) 14) 4) 4) v2) (+ (max (* (/ (- (+ v0 v1) 1) 65) 8) 239) 11)))))) (|| (! (== (- (* v0 4) 308) (- (+ (- (* v0 4) 308) 320) 1))) (! (== (* (+ (* (max (min (* (/ v0 125) 16) 286) 37) 2) v1) 4) (* (+ (* (max (min (* (/ v0 125) 16) 286) 37) 2) v1) 4))))),0,1
19,(<= (min (! (== (/ (+ (* (- (max (min (* (/ (+ (+ v0 v1) 499) 500) 8) 26) -5) (max (min (* (/ v1 500) 8) 67) 36)) 8) 379) 34) (/ (+ (* (- (max (min (* (/ (+ (+ v0 v1) 499) 500) 8) 26) -5) (max (min (* (/ v1 500) 8) 67) 36)) 8) 379) 34))) (>= (! (== (- (/ (+ v0 19) 24) (* (% v1 4) 21)) (- (/ (+ v0 19) 24) (* (% v1 4) 21)))) (! (== (min (max (/ (+ (- v0 v1) 6) 4) 0) (+ (* v2 2) 3)) (min (max (/ (+ (- v0 v1) 6) 4) 0) (+ (* v2 2) 3)))))) (< (! (!= (/ (+ (- v0 v1) 57) 17) 0)) (! (&& (&& (&& (&& (&& (&& 1 (<= (- (+ (* (+ (+ (min v0 4) v1) 0) 4) 0) 15) (- (+ (* (+ (+ (min v0 4) v1) 0) 4) 0) 15))) (>= (- (+ (* (+ (+ (min v0 4) v1) (+ v2 3)) 4) 3) 15) (- (+ (* (+ (+ (min v0 4) v1) (- (+ (+ v2 4) 0) 1)) 4) (- (+ 4 0) 1)) 15))) (<= v3 (+ 0 v3))) (>= (+ v3 6) (+ (- (+ 7 0) 1) v3))) (<= (+ (* v4 2) v5) (+ (* v4 2) v5))) (>= (+ (* v4 2) v5) (+ (* v4 2) v5)))))),0,1
20,(< (! (== (* (/ (* (min (+ (* v0 4) (/ v1 32)) (/ (- (+ v2 v1) 97) 32)) 16) 4) 4) (* (min (+ (* v0 4) (/ v1 32)) (/ (- (+ v2 v1) 97) 32)) 16))) (max (> (! (!= (/ (+ (- v0 v1) 92) 87) 0)) (! (== 0 (- (+ 0 (+ (* (min (- (- (/ (- (+ v0 v1) 1) 63) (* v2 2)) (/ v1 63)) 1) 2) 2)) 1)))) (! (>= (! (== (min (+ (+ (* (/ (- v0 1) 1040) 1040) (* (/ v1 63) 64)) 1040) v2) (min (+ (+ (* (/ (- v0 1) 1040) 1040) (* (/ v1 63) 64)) 1040) v2))) (! (== (- (min (- (/ (- (+ v0 v1) 1) 8) (* v2 16)) (+ (/ v1 8) 15)) (+ (/ v1 8) (* v3 4))) (- (min (- (/ (- (+ v0 v1) 1) 8) (* v2 16)) (+ (/ v1 8) 15)) (+ (/ v1 8) (* v3 4))))))))),0,1
21,(min (== (! (== (min (+ (max (min (+ v0 v1) 1872) -127) 127) v2) (min (+ (max (min (+ v0 v1) 1872) -127) 127) v2))) (! (== (- (- (* (/ (- (+ v0 v1) 1) 63) 8) (* (/ v2 4) 65)) (* (/ v1 63) 8)) (- (- (* (/ (- (+ v0 v1) 1) 63) 8) (* (/ v2 4) 65)) (* (/ v1 63) 8))))) (&& (! (== (* (/ (* (min (+ (* v0 4) (- (* (* (/ v1 125) 4) 4) 4)) (- (* (+ (/ v1 125) v2) 16) 5)) 8) 4) 4) (* (min (+ (* v0 4) (- (* (* (/ v1 125) 4) 4) 4)) (- (* (+ (/ v1 125) v2) 16) 5)) 8))) (>= (! (== (+ (max (min (/ v0 8) 249) 0) (* v1 12)) (+ (max (min (/ v0 8) 249) 0) (* v1 12)))) (! (== (min (max (min (/ (- (+ v0 v1) 1) 2) 999) 0) (+ (min (+ (* v2 6) (+ (max (min (/ v1 2) 999) 0) (* v3 32))) (+ v4 26)) 5)) (min (max (min (/ (- (+ v0 v1) 1) 2) 999) 0) (+ (min (+ (* v2 6) (+ (max (min (/ v1 2) 999) 0) (* v3 32))) (+ v4 26)) 5))))))),0,1
22,(|| (!= (min (! (<= (max (+ (min (min (min (- (- (/ (+ v2 v3) 4) (* (+ (* v4 4) v5) 16)) 1) (+ (* (- v1 (+ (* v4 4) v5)) 16) 1)) (- (/ (- (min (+ (* v1 64) 6) (+ v2 v3)) 1) 4) (* (+ (* v4 4) v5) 16))) (- (+ 0 (+ (* (min (- v6 v5) 3) 16) 3)) 1)) 1) (min (max (+ (- (/ (- v3 1) 4) (* (+ (* v4 4) v5) 16)) 1) 0) (+ (+ (* (min (- v6 v5) 3) 16) 3) 0))) (min (max (+ (- (/ (- v3 1) 4) (* (+ (* v4 4) v5) 16)) 1) 0) (+ (+ (* (min (- v6 v5) 3) 16) 3) 0)))) (! (== (min (+ (min (* v0 8) 7914) 79) v1) (min (+ (min (* v0 8) 7914) 79) v1)))) (== (! (== (- (max (min (/ (+ (+ v0 v1) 7) 8) 249) 0) (+ (* v2 8) v3)) (- (max (min (/ (+ (+ v0 v1) 7) 8) 249) 0) (+ (* v2 8) v3)))) (! (== (+ (* v0 1044) (* v1 8)) (+ (* v0 1044) (* v1 8)))))) (! (== (+ (* v0 252) (+ (min (* v1 128) 124) (* (max (min (/ v2 2) 999) 0) 2))) (+ (* v0 252) (+ (min (* v1 128) 124) (* (max (min (/ v2 2) 999) 0) 2)))))),0,1
23,(== (|| (! (== (/ (+ (min v0 127) 15) 4) (/ (+ (min v0 127) 15) 4))) (>= (! (== (min (- (- 281 (/ v0 8)) v1) (+ (min (- (- (max (min (* (/ (+ (+ v2 v3) 127) 32) 4) 246) -3) (* v4 4)) (max (min (* (/ v3 32) 4) 281) 32)) -32) 35)) (min (- (- 281 (/ v0 8)) v1) (+ (min (- (- (max (min (* (/ (+ (+ v2 v3) 127) 32) 4) 246) -3) (* v4 4)) (max (min (* (/ v3 32) 4) 281) 32)) -32) 35)))) (! (== (+ (* v0 15) (* v1 4)) (+ (* v0 15) (* v1 4)))))) (|| (! (== (/ (+ (- (/ (+ (+ v0 v1) 23) 8) (/ v1 8)) 90) 86) (/ (+ (- (/ (+ (+ v0 v1) 23) 8) (/ v1 8)) 90) 86))) (! (>= (- (* (/ (+ v0 v1) 2) 2) 7) (- (+ (- (* (/ (+ v0 v1) 2) 2) 7) 142) 1))))),0,1
24,(< (|| (! (== (min (/ (+ (+ v0 v1) 3) 4) (+ (+ (/ v1 4) (* v2 16)) 11)) (min (/ (+ (+ v0 v1) 3) 4) (+ (+ (/ v1 4) (* v2 16)) 11)))) (! (== (max (/ (+ (min (- (/ (+ (+ v0 v1) 188) 63) (/ v1 63)) (+ v2 1)) 3) 4) (+ (max (/ v3 4) -1) 1)) (max (/ (+ (min (- (/ (+ (+ v0 v1) 188) 63) (/ v1 63)) (+ v2 1)) 3) 4) (+ (max (/ v3 4) -1) 1))))) (&& (! (== (+ (* v0 252) (* (/ (- (max (min v1 2002) 3) 3) 16) 16)) (+ (* v0 252) (* (/ (- (max (min v1 2002) 3) 3) 16) 16)))) (<= (! (!= (/ (+ v0 136) 130) 0)) (! (== (/ (+ (- (/ (+ (+ v0 v1) 7) 2) (/ v1 2)) 263) 256) (/ (+ (- (/ (+ (+ v0 v1) 7) 2) (/ v1 2)) 263) 256)))))),0,1
25,(>= (<= (! (== (/ (+ (* (- (/ (+ (+ v0 v1) 15) 16) (/ v1 16)) 8) 345) 337) (/ (+ (* (- (/ (+ (+ v0 v1) 15) 16) (/ v1 16)) 8) 345) 337))) (! (== (* (/ (* (% v0 (/ (+ (* v1 8) 45) 36)) -36) 12) 12) (* (% v0 (/ (+ (* v1 8) 45) 36)) -36)))) (! (!= (&& (! (== (- (+ (* v0 32) (+ v1 v2)) 4) (- (+ (- (+ (* v0 32) (+ v1 v2)) 4) (- 510 (max (* v0 32) 471))) 1))) (! (== (min (+ (min v0 7914) (* v1 8)) (+ v2 3811)) (min (+ (min v0 7914) (* v1 8)) (+ v2 3811))))) (! (== (min (/ (- (+ v0 v1) 65) 32) (+ (/ v1 32) (* v2 4))) (min (/ (- (+ v0 v1) 65) 32) (+ (/ v1 32) (* v2 4)))))))),0,1
26,(!= (! (== 0 (- (+ 0 (- 18 (* (max v0 1) 9))) 1))) (>= (!= (! (== (- (min (/ (+ (% (+ (min (* v0 125) (- v1 125)) v2) 8) 124) 8) (+ (* v3 8) 7)) (* (+ (* v3 2) v4) 4)) (- (min (/ (+ (% (+ (min (* v0 125) (- v1 125)) v2) 8) 124) 8) (+ (* v3 8) 7)) (* (+ (* v3 2) v4) 4)))) (! (== (max (min (max (/ (+ (- v0 (* v1 2)) 155) 64) 0) (/ (+ (- v2 v1) 31) 32)) (+ (min (/ (+ (- (+ v3 v0) (* v1 2)) 91) 64) (- (/ (- v2 v1) 32) 1)) 1)) (max (min (max (/ (+ (- v0 (* v1 2)) 155) 64) 0) (/ (+ (- v2 v1) 31) 32)) (+ (min (/ (+ (- (+ v3 v0) (* v1 2)) 91) 64) (- (/ (- v2 v1) 32) 1)) 1))))) (< (! (== 0 (- (+ 0 (- 497 (max (* (% v0 8) 63) 434))) 1))) (! (== (min (max (max (- (* v0 8) 56) v1) (+ v2 v1)) (+ (* (+ (min v3 13) v0) 8) 44)) (min (max (max (- (* v0 8) 56) v1) (+ v2 v1)) (+ (* (+ (min v3 13) v0) 8) 44))))))),0,1
27,(< (! (== (- (* (/ (max (/ (+ (+ v0 v1) 7) 8) 255) 16) 16) (+ (* v2 9) v3)) (- (* (/ (max (/ (+ (+ v0 v1) 7) 8) 255) 16) 16) (+ (* v2 9) v3)))) (min (== (<= (! (== (+ (* v0 20) (+ (* v1 32) (+ (max v2 0) (* v3 4)))) (+ (* v0 20) (+ (* v1 32) (+ (max v2 0) (* v3 4)))))) (! (== (+ (* v0 8) (* v1 3)) (+ (* v0 8) (* v1 3))))) (! (== (+ (max (min (/ v0 8) 256) 7) (* v1 128)) (+ (max (min (/ v0 8) 256) 7) (* v1 128))))) (! (== (/ (+ (* (- (max (min (* (/ (+ (+ v0 v1) 124) 125) 16) 204) -45) (max (min (* (/ v1 125) 16) 286) 37)) 4) 579) 250) (/ (+ (* (- (max (min (* (/ (+ (+ v0 v1) 124) 125) 16) 204) -45) (max (min (* (/ v1 125) 16) 286) 37)) 4) 579) 250))))),0,1
28,(>= (< (< (! (== (* (/ (max (+ (* v0 16) (* (* v1 3) 16)) 170) 2) 2) (max (+ (* v0 16) (* (* v1 3) 16)) 170))) (min (! (== (/ (+ v0 21) 1012) (- (+ (/ (+ v0 21) 1012) (/ (+ (% (+ v0 21) 1012) 1011) 1012)) 1))) (! (== (min (* (+ (+ (* v0 4) v1) v2) 4) (+ (* v3 4) 2)) (min (* (+ (+ (* v0 4) v1) v2) 4) (+ (* v3 4) 2)))))) (! (== (max (min (max (max (/ (- 289 (* (/ v0 125) 32)) 274) (/ (- 578 (* (/ v0 125) 64)) 548)) 0) (/ (+ (* v1 64) 619) 548)) (/ (+ (min (* (- (/ (+ (+ v2 v0) 124) 125) (/ v0 125)) 64) (+ (* v1 64) 547)) 72) 548)) (max (min (max (max (/ (- 289 (* (/ v0 125) 32)) 274) (/ (- 578 (* (/ v0 125) 64)) 548)) 0) (/ (+ (* v1 64) 619) 548)) (/ (+ (min (* (- (/ (+ (+ v2 v0) 124) 125) (/ v0 125)) 64) (+ (* v1 64) 547)) 72) 548))))) (! (!= (/ (+ (* v0 8) 1025) 673) 0))),0,1
29,(|| (! (== (- (max v0 0) (* v1 16)) (- (max v0 0) (* v1 16)))) (< (== (! (== (+ (max (min (/ v0 8) 249) 0) (* v1 12)) (+ (max (min (/ v0 8) 249) 0) (* v1 12)))) (! (== (- (* v0 1004) 6) (- (* v0 1004) 6)))) (== (! (!= (/ (+ v0 138) 128) 0)) (! (== (min (/ (+ (+ v0 v1) 5) 2) (+ v2 121)) (min (/ (+ (+ v0 v1) 5) 2) (+ v2 121))))))),0,1
30,(>= (! (== (- (* (/ (+ (+ v0 v1) 7) 504) 2) (+ (* (/ v1 504) 2) v2)) (- (* (/ (+ (+ v0 v1) 7) 504) 2) (+ (* (/ v1 504) 2) v2)))) (min (> (! (== (* (/ (* (max (min (/ (+ (min (* v0 252) (- v1 252)) v2) 2) 999) 0) 8) 4) 4) (* (max (min (/ (+ (min (* v0 252) (- v1 252)) v2) 2) 999) 0) 8))) (! (== (/ (+ (- (max (min (* (/ (- (+ v0 v1) 1) 63) 8) 244) -5) (max (min (* (/ v1 63) 8) 285) 36)) 52) 8) (/ (+ (- (max (min (* (/ (- (+ v0 v1) 1) 63) 8) 244) -5) (max (min (* (/ v1 63) 8) 285) 36)) 52) 8)))) (&& (! (== (+ (/ (- (max (min (* (/ (+ (+ v0 v1) 39) 8) 8) 1991) -8) (max (min (* (/ v1 8) 8) 2007) 8)) 16) 2) (+ (/ (- (max (min (* (/ (+ (+ v0 v1) 39) 8) 8) 1991) -8) (max (min (* (/ v1 8) 8) 2007) 8)) 16) 2))) (! (== (min (+ (max (min (/ (+ v0 v1) 2) 937) -62) 33) v2) (min (+ (max (min (/ (+ v0 v1) 2) 937) -62) 33) v2)))))),0,1
31,(max (> (! (== (+ (max (min (/ v0 8) 256) 7) (* v1 32)) (+ (max (min (/ v0 8) 256) 7) (* v1 32)))) (|| (! (>= (- (* (max (min (+ v0 v1) 0) -7) 8) 4) (- (+ (- (* (max (min (+ v0 v1) 0) -7) 8) 4) (- 9 (* (max (min (+ v0 v1) 0) -7) 8))) 1))) (>= (! (!= (/ (+ (* v0 8) 107) 92) 0)) (! (== (+ (/ (- (/ (- (+ v0 v1) 1) 8) (/ (- v1 1) 8)) 8) 1) (+ (/ (- (/ (- (+ v0 v1) 1) 8) (/ (- v1 1) 8)) 8) 1)))))) (! (== (+ (/ v0 4) (* (min (/ (min (+ (* v1 4) 3) v2) 4) v1) 4)) (+ (/ v0 4) (* (min (/ (min (+ (* v1 4) 3) v2) 4) v1) 4))))),0,1
32,(> (max (! (== (+ (/ (- (max (min (/ (- (+ v0 v1) 1) 63) 31) 0) (max (min (/ v1 63) 31) 0)) 4) 1) (+ (/ (- (max (min (/ (- (+ v0 v1) 1) 63) 31) 0) (max (min (/ v1 63) 31) 0)) 4) 1))) (! (== (min (- 84 (* (max (+ (max (min (* (/ v0 63) 8) 285) 36) (- (* v1 16) (max (min (* (/ (- (+ v2 v0) 1) 63) 8) 244) -5))) 26) 2)) (+ (* (min (- (- (max (min (* (/ (- (+ v2 v0) 1) 63) 8) 244) -5) (* v1 16)) (max (min (* (/ v0 63) 8) 285) 36)) -26) 2) 85)) (min (- 84 (* (max (+ (max (min (* (/ v0 63) 8) 285) 36) (- (* v1 16) (max (min (* (/ (- (+ v2 v0) 1) 63) 8) 244) -5))) 26) 2)) (+ (* (min (- (- (max (min (* (/ (- (+ v2 v0) 1) 63) 8) 244) -5) (* v1 16)) (max (min (* (/ v0 63) 8) 285) 36)) -26) 2) 85))))) (<= (<= (! (== 0 (- (+ 0 (+ (* (min (- (- (/ (+ (+ v0 v1) 15) 8) (* v2 4)) (/ v1 8)) -1) 2) 10)) 1))) (! (&& (&& (&& (&& (&& (&& 1 (<= (+ 0 (+ (* v0 32) v1)) (+ (* v0 32) v1))) (>= (+ 3 (+ (+ (* v0 32) v1) 28)) (+ (+ (* v0 32) v1) 31))) (<= (/ (- (min (* (/ v2 65) 64) 4) 6) 32) (/ (- (min (* (/ v2 65) 64) 4) 6) 32))) (>= (/ (+ (max (+ (min (* (/ v2 65) 64) 4) v3) 1975) 40) 32) (/ (+ (max (+ (min (* (/ v2 65) 64) 4) v3) 1975) 40) 32))) (<= v4 v4)) (>= v4 v4)))) (! (== (- (- (/ (+ (+ v0 v1) 7) 8) (* v2 63)) (/ v1 8)) (- (- (/ (+ (+ v0 v1) 7) 8) (* v2 63)) (/ v1 8)))))),0,1
33,(min (! (== (+ (/ (+ v0 v1) 2) (* v2 4)) (+ (/ (+ v0 v1) 2) (* v2 4)))) (&& (&& (! (== (- (* (min (max (min (* (/ (- (+ v0 v1) 1) 125) 8) 113) -11) (+ (+ (* v2 16) v3) 3)) 2) (min (* (+ (* v2 16) v3) 2) 251)) (- (* (min (max (min (* (/ (- (+ v0 v1) 1) 125) 8) 113) -11) (+ (+ (* v2 16) v3) 3)) 2) (min (* (+ (* v2 16) v3) 2) 251)))) (! (== (* (/ (* v0 -88) 4) 4) (* v0 -88)))) (|| (! (== (min (- (max (min (/ (+ (+ v0 v1) 1) 2) 999) 0) (max (min (/ v1 2) 1006) 7)) v2) (min (- (max (min (/ (+ (+ v0 v1) 1) 2) 999) 0) (max (min (/ v1 2) 1006) 7)) v2))) (! (== (min (+ (* (/ (+ (- (max (* (/ (- (+ v0 v1) 1) 65) 8) 239) v2) 14) 4) 4) v2) (+ (max (* (/ (- (+ v0 v1) 1) 65) 8) 239) 11)) (min (+ (* (/ (+ (- (max (* (/ (- (+ v0 v1) 1) 65) 8) 239) v2) 14) 4) 4) v2) (+ (max (* (/ (- (+ v0 v1) 1) 65) 8) 239) 11))))))),0,1
34,(<= (<= (! (== (min (- (/ (+ (+ v0 v1) 13) 2) (/ v1 2)) (+ v2 1)) (min (- (/ (+ (+ v0 v1) 13) 2) (/ v1 2)) (+ v2 1)))) (&& (max (! (== (+ (/ (- (% (min (min (* (max (min (/ (+ (+ v0 v1) 1) 2) 999) 0) 8) (+ (+ (max (* (max (min (/ v1 2) 1006) 7) 8) 115) (* v2 252)) 31)) 7914) 4) 255) 4) (* v3 4)) (+ (/ (- (% (min (min (* (max (min (/ (+ (+ v0 v1) 1) 2) 999) 0) 8) (+ (+ (max (* (max (min (/ v1 2) 1006) 7) 8) 115) (* v2 252)) 31)) 7914) 4) 255) 4) (* v3 4)))) (! (== (- (max (min (/ (- (+ v0 v1) 1) 8) 249) 0) (+ (* v2 4) v3)) (- (max (min (/ (- (+ v0 v1) 1) 8) 249) 0) (+ (* v2 4) v3))))) (! (== (/ (+ (- (max (min (/ (+ (+ v0 v1) 7) 8) 249) 0) (max (min (/ v1 8) 249) 0)) 64) 63) (/ (+ (- (max (min (/ (+ (+ v0 v1) 7) 8) 249) 0) (max (min (/ v1 8) 249) 0)) 64) 63))))) (! (== (min (max (- (/ (+ v0 55) 4) (* v1 2)) -1) (+ (* (min (- (min (+ (- v2 (* v3 4)) 8) v4) (min v4 0)) 0) 2) 8)) (min (max (- (/ (+ v0 55) 4) (* v1 2)) -1) (+ (* (min (- (min (+ (- v2 (* v3 4)) 8) v4) (min v4 0)) 0) 2) 8))))),0,1
35,(< (&& (>= (<= (! (== (min (* (+ (* v0 16) (+ (/ (min (* (min (- (- (max v1 0) (* v0 8)) (+ (* v2 103) v3)) 7) 8) (+ (* v4 36) 24)) 4) (* (+ (* v2 103) v3) 2))) 4) (+ v5 2)) (min (* (+ (* v0 16) (+ (/ (min (* (min (- (- (max v1 0) (* v0 8)) (+ (* v2 103) v3)) 7) 8) (+ (* v4 36) 24)) 4) (* (+ (* v2 103) v3) 2))) 4) (+ v5 2)))) (! (== 0 (- (+ 0 (- 3 (max (* v0 4) -1))) 1)))) (! (== (- (/ (+ (+ v0 v1) 63) 32) (+ (/ v1 32) (* v2 32))) (- (/ (+ (+ v0 v1) 63) 32) (+ (/ v1 32) (* v2 32)))))) (! (== (- v0 (max (min (+ v1 v2) 1879) -120)) (- v0 (max (min (+ v1 v2) 1879) -120))))) (! (== (- (* v0 8) 12) (- (+ (- (* v0 8) 12) (+ (* (min v1 1) 8) 19)) 1)))),0,1
36,(!= (! (== (< (! (>= (max (/ (+ (- v0 v1) 13) 152) 0) (- (+ (max (/ (+ (- v0 v1) 13) 152) 0) (max (- (/ (+ (- v0 v1) 164) 152) (max (/ (+ (- v0 v1) 13) 152) 0)) 0)) 1))) (! (== (+ (/ v0 8) (* v1 2)) (+ (/ v0 8) (* v1 2))))) (! (== (+ (/ (- (max (min v0 2002) 3) 3) 16) (* v1 8)) (+ (/ (- (max (min v0 2002) 3) 3) 16) (* v1 8)))))) (>= (! (== (- (* (/ (+ (+ v0 v1) 1999) 2000) 256) (+ (* v2 112) v3)) (- (* (/ (+ (+ v0 v1) 1999) 2000) 256) (+ (* v2 112) v3)))) (! (== (min (+ (* v0 4) v1) (+ v2 23)) (min (+ (* v0 4) v1) (+ v2 23)))))),0,1
37,(&& (!= (! (!= (+ (/ v0 64) 1) 0)) (! (== (- (- (- (min (* (+ (* v0 8) (+ (* v1 28) v2)) 4) (+ (* (+ (* v1 28) v2) 4) 83)) (* v0 32)) (* v1 112)) (* v2 4)) (- (- (- (min (* (+ (* v0 8) (+ (* v1 28) v2)) 4) (+ (* (+ (* v1 28) v2) 4) 83)) (* v0 32)) (* v1 112)) (* v2 4))))) (== (! (== (+ (max (min (* v0 8) 2044) 45) (min (* v1 4) (+ v2 58))) (+ (max (min (* v0 8) 2044) 45) (min (* v1 4) (+ v2 58))))) (>= (! (!= (/ (+ v0 378) 250) 0)) (! (== (- (max (min (/ (+ (+ v0 v1) 7) 8) 249) 0) (max (min (/ v1 8) 256) 7)) (- (max (min (/ (+ (+ v0 v1) 7) 8) 249) 0) (max (min (/ v1 8) 256) 7))))))),0,1
38,(max (== (>= (! (== (+ (* v0 8) (+ (* v1 32) (+ (* v2 64) (+ (* v3 4) (+ v4 v5))))) (+ (* v0 8) (+ (* v1 32) (+ (* v2 64) (+ (* v3 4) (+ v4 v5))))))) (! (== (min (- v0 7) v1) (min (- v0 7) v1)))) (<= (! (== (- (max (+ v0 v1) 2000) (+ (* (+ (* v2 8) v3) 4) v4)) (- (max (+ v0 v1) 2000) (+ (* (+ (* v2 8) v3) 4) v4)))) (! (== (+ (* v0 4) (+ (* v1 8) (+ (min (* v2 128) (- v3 128)) v4))) (+ (* v0 4) (+ (* v1 8) (+ (min (* v2 128) (- v3 128)) v4))))))) (! (== (/ (+ (* (- (max (min (/ (+ (+ v0 v1) 135) 64) 31) 0) (max (min (/ v1 64) 36) 5)) 8) 165) 125) (/ (+ (* (- (max (min (/ (+ (+ v0 v1) 135) 64) 31) 0) (max (min (/ v1 64) 36) 5)) 8) 165) 125)))),0,1
39,(! (min (! (== (+ (min (- (- (* (max (min (* (/ (- (+ v0 v1) 1) 63) 8) 244) -5) 8) (* v2 252)) (* (max (min (* (/ v1 63) 8) 285) 36) 8)) -86) (* v3 -128)) (+ (min (- (- (* (max (min (* (/ (- (+ v0 v1) 1) 63) 8) 244) -5) 8) (* v2 252)) (* (max (min (* (/ v1 63) 8) 285) 36) 8)) -86) (* v3 -128)))) (> (min (! (== (/ (+ (- (max (min (/ (+ (+ v0 v1) 7) 8) 249) 0) (max (min (/ v1 8) 249) 0)) 64) 63) (/ (+ (- (max (min (/ (+ (+ v0 v1) 7) 8) 249) 0) (max (min (/ v1 8) 249) 0)) 64) 63))) (! (== (* (/ (* (min (+ (* v0 64) (+ (+ (/ v1 8) (* v2 8)) (* v3 125))) (/ (+ (+ v1 (min (+ (* v3 1000) 1000) v4)) 7) 8)) -8) 8) 8) (* (min (+ (* v0 64) (+ (+ (/ v1 8) (* v2 8)) (* v3 125))) (/ (+ (+ v1 (min (+ (* v3 1000) 1000) v4)) 7) 8)) -8)))) (!= (! (== (min (+ (* v0 4) v1) (+ (* v2 16) 914)) (min (+ (* v0 4) v1) (+ (* v2 16) 914)))) (! (== (- (max v0 9) (min v1 2007)) (- (max v0 9) (min v1 2007)))))))),0,1
40,(min (! (!= (/ (+ v0 128) 126) 0)) (> (>= (! (== (min (max (* (/ v0 8) 8) v1) (+ (* (+ (/ v0 8) v2) 8) 8)) (min (max (* (/ v0 8) 8) v1) (+ (* (+ (/ v0 8) v2) 8) 8)))) (>= (! (== (min (/ (+ (+ v0 v1) 127) 16) (- v2 (max (+ (/ (- -112 (% (+ (min (* v3 128) (- v4 128)) v0) 16)) 16) (* v5 4)) -3))) (min (/ (+ (+ v0 v1) 127) 16) (- v2 (max (+ (/ (- -112 (% (+ (min (* v3 128) (- v4 128)) v0) 16)) 16) (* v5 4)) -3))))) (! (== (+ (max (min (/ v0 8) 254) 5) (* v1 4)) (+ (max (min (/ v0 8) 254) 5) (* v1 4)))))) (! (== (+ (max (min (* (+ (* v0 40) v1) 8) 8114) 115) (min (* v2 4) (+ v3 217))) (+ (max (min (* (+ (* v0 40) v1) 8) 8114) 115) (min (* v2 4) (+ v3 217))))))),0,1
41,(> (! (== (/ (+ (- (max (min (* (/ (+ (+ v0 v1) 47) 8) 8) 1994) -5) (max (min (* (/ v1 8) 8) 2100) 101)) 1106) 1000) (/ (+ (- (max (min (* (/ (+ (+ v0 v1) 47) 8) 8) 1994) -5) (max (min (* (/ v1 8) 8) 2100) 101)) 1106) 1000))) (>= (<= (! (== (min (/ (+ (* v0 8) 91) 68) (+ (max (min (/ (+ (* v0 8) 23) 68) (/ (+ (* v0 2) 5) 17)) (/ (+ (* v0 8) 24) 68)) 1)) (min (/ (+ (* v0 8) 91) 68) (+ (max (min (/ (+ (* v0 8) 23) 68) (/ (+ (* v0 2) 5) 17)) (/ (+ (* v0 8) 24) 68)) 1)))) (! (== (+ (* v0 251) (* (/ v1 8) 8)) (+ (* v0 251) (* (/ v1 8) 8))))) (>= (! (== (min (max v0 0) (+ (+ (* v1 31) (+ (* v2 154) v3)) 30)) (min (max v0 0) (+ (+ (* v1 31) (+ (* v2 154) v3)) 30)))) (! (== (/ (+ (- (/ (+ (+ v0 v1) 11) 2) (/ v1 2)) 137) 127) (/ (+ (- (/ (+ (+ v0 v1) 11) 2) (/ v1 2)) 137) 127)))))),0,1
42,(< (! (&& (== (! (== (min (+ (max (* (max (min v0 250) 1) 8) 10) (* v1 4)) (+ (max (* v2 8) -285) 297)) (min (+ (max (* (max (min v0 250) 1) 8) 10) (* v1 4)) (+ (max (* v2 8) -285) 297)))) (! (== (/ (+ (- (/ (+ (+ v0 v1) 55) 8) (/ v1 8)) 135) 132) (/ (+ (- (/ (+ (+ v0 v1) 55) 8) (/ v1 8)) 135) 132)))) (! (== (max (min (/ (+ (+ (+ v0 v1) v2) 3) 2) 999) (- (min (max (min (/ (+ (+ (+ v0 v1) v3) 5) 2) 999) 0) (+ (+ (max (min (/ (+ (+ (+ v0 v1) v2) 3) 2) 999) 0) (* (/ v4 4) 4)) 3)) (max v4 0))) (max (min (/ (+ (+ (+ v0 v1) v2) 3) 2) 999) (- (min (max (min (/ (+ (+ (+ v0 v1) v3) 5) 2) 999) 0) (+ (+ (max (min (/ (+ (+ (+ v0 v1) v2) 3) 2) 999) 0) (* (/ v4 4) 4)) 3)) (max v4 0))))))) (<= (! (== (+ (max (min (/ v0 2) 1006) 7) (* v1 4)) (+ (max (min (/ v0 2) 1006) 7) (* v1 4)))) (! (== (+ (+ (/ (+ v0 v1) 8) (* (/ (+ (min (* v2 32) 33) 31) 16) 16)) (+ (min (- (/ (+ (% (+ (min (* v3 500) (- v4 500)) v0) 8) 507) 8) (* v2 32)) 3) (* (min (/ (min (- (/ (+ (% (+ (min (* v3 500) (- v4 500)) v0) 8) 507) 8) (* v2 32)) 31) 4) 3) 4))) (+ (+ (/ (+ v0 v1) 8) (* (/ (+ (min (* v2 32) 33) 31) 16) 16)) (+ (min (- (/ (+ (% (+ (min (* v3 500) (- v4 500)) v0) 8) 507) 8) (* v2 32)) 3) (* (min (/ (min (- (/ (+ (% (+ (min (* v3 500) (- v4 500)) v0) 8) 507) 8) (* v2 32)) 31) 4) 3) 4))))))),0,1
43,(> (min (! (== (+ (* v0 16) (- (max (min (+ (* v1 85) v2) 1499) 500) (max (min (+ (* v1 85) v2) 1415) 416))) (+ (* v0 16) (- (max (min (+ (* v1 85) v2) 1499) 500) (max (min (+ (* v1 85) v2) 1415) 416))))) (! (== (min (max (max (- (* v0 8) 83) v1) 0) (+ (* (+ (min (- (- (* (/ (max (/ (+ (+ v2 v3) 7) 8) 255) 16) 16) (* v4 9)) (* (/ (min (/ v3 8) 0) 16) 16)) -30) v0) 8) 230)) (min (max (max (- (* v0 8) 83) v1) 0) (+ (* (+ (min (- (- (* (/ (max (/ (+ (+ v2 v3) 7) 8) 255) 16) 16) (* v4 9)) (* (/ (min (/ v3 8) 0) 16) 16)) -30) v0) 8) 230))))) (!= (>= (! (== (- (max (* v0 8) 995) (min (* (/ v1 16) 8) 4)) (- (max (* v0 8) 995) (min (* (/ v1 16) 8) 4)))) (! (== (min (- 503 (* (+ (* v0 8) v1) 4)) (+ (- v2 (* (+ (* v3 126) (+ (* v0 8) v1)) 4)) 4)) (min (- 503 (* (+ (* v0 8) v1) 4)) (+ (- v2 (* (+ (* v3 126) (+ (* v0 8) v1)) 4)) 4))))) (! (== (+ (max (* v0 127) -6) (+ (* v1 504) (+ v2 v3))) (+ (max (* v0 127) -6) (+ (* v1 504) (+ v2 v3))))))),0,1
44,(|| (>= (! (== (+ (max (* v0 6) -2) (* v1 42)) (+ (max (* v0 6) -2) (* v1 42)))) (&& (! (&& (&& (&& (&& (&& (&& 1 (<= (+ (+ (+ v0 v1) 0) 2) (+ (+ v0 v1) 2))) (>= (+ (+ (+ v0 v1) 3) 2) (+ (+ v0 v1) 2))) (<= (- (* (/ v2 4) 4) 8) (- (+ (* (+ (/ v2 4) 0) 4) 0) 8))) (>= (+ (* (/ v2 4) 4) 147) (- (+ (* (+ (/ v2 4) 38) 4) 3) 8))) (<= 0 0)) (>= 5 5))) (! (!= (+ v0 1) 0)))) (<= (! (== (- (+ (/ (+ v0 v1) 4) (+ (* (min (/ (+ (min (+ (/ (+ (% (+ v0 v1) 4) 999) 4) (* v2 -128)) 127) 6) 33) (/ (+ (* (max (+ (/ (- -996 (% (+ v0 v1) 4)) 4) (* v2 128)) -127) -4) 27) 132)) 33) (* v2 128))) -26) (- (+ (/ (+ v0 v1) 4) (+ (* (min (/ (+ (min (+ (/ (+ (% (+ v0 v1) 4) 999) 4) (* v2 -128)) 127) 6) 33) (/ (+ (* (max (+ (/ (- -996 (% (+ v0 v1) 4)) 4) (* v2 128)) -127) -4) 27) 132)) 33) (* v2 128))) -26))) (! (== (min (* v0 8) (+ (+ (+ (min (* (min (- (* (- (* (max (min (/ (- (+ v1 v2) 1) 63) 31) 0) 2) v3) 4) v4) -16) 8) -158) (* (max (- v4 (* (- (* (max (min (/ (- (+ v1 v2) 1) 63) 31) 0) 2) v3) 4)) 18) -8)) v5) 288)) (min (* v0 8) (+ (+ (+ (min (* (min (- (* (- (* (max (min (/ (- (+ v1 v2) 1) 63) 31) 0) 2) v3) 4) v4) -16) 8) -158) (* (max (- v4 (* (- (* (max (min (/ (- (+ v1 v2) 1) 63) 31) 0) 2) v3) 4)) 18) -8)) v5) 288)))))),0,1
45,(!= (== (! (== (+ (/ (+ v0 v1) 65) (* v2 2)) (+ (/ (+ v0 v1) 65) (* v2 2)))) (! (<= (+ (max (- (/ (+ (min (* v0 32) 93) v1) 4) (+ (/ (+ v1 7) 4) (* v0 8))) 0) 12) 1024))) (<= (|| (! (> (- 56 (* (+ v0 v1) 8)) (- 305 (* (+ v0 v1) 8)))) (! (<= (max (+ (min (min (min (- (- (/ (- (+ v3 v4) 1) 16) (/ v4 16)) 1) (- 124 (/ v4 16))) (- (min (/ (- (+ v1 v2) 1) 16) 124) (/ v4 16))) (- (+ 0 (+ v5 1)) 1)) 1) (min (max (max (- 0 (/ v4 16)) (- (max (/ (+ v2 15) 16) 0) (/ v4 16))) 0) (+ (+ v5 1) 0))) (min (max (max (- 0 (/ v4 16)) (- (max (/ (+ v2 15) 16) 0) (/ v4 16))) 0) (+ (+ v5 1) 0))))) (! (== (/ (+ (- (max (min (* (/ (+ (+ v0 v1) 447) 32) 32) 1994) -5) (max (min (* (/ v1 32) 32) 2609) 610)) 1624) 1003) (/ (+ (- (max (min (* (/ (+ (+ v0 v1) 447) 32) 32) 1994) -5) (max (min (* (/ v1 32) 32) 2609) 610)) 1624) 1003))))),0,1
46,(<= (&& (! (== (* (/ (* (% v0 (/ (+ v1 22) 8)) -8) 4) 4) (* (% v0 (/ (+ v1 22) 8)) -8))) (<= (|| (! (== (- v0 (/ v1 125)) (- v0 (/ v1 125)))) (! (== (min (max (min (* v0 8) 2074) 75) (+ (min (* v1 8) 1962) 122)) (min (max (min (* v0 8) 2074) 75) (+ (min (* v1 8) 1962) 122))))) (! (== (min (max (- (/ (+ v0 31) 4) (* v1 2)) -1) (+ (* (min (- (- (max (/ (+ (+ v2 v3) 23) 8) 249) (* v4 17)) (min (/ v3 8) 4)) 12) 2) 9)) (min (max (- (/ (+ v0 31) 4) (* v1 2)) -1) (+ (* (min (- (- (max (/ (+ (+ v2 v3) 23) 8) 249) (* v4 17)) (min (/ v3 8) 4)) 12) 2) 9)))))) (! (== (+ (* (/ (+ (min (+ (* v0 -1011) (- v1 v2)) 1000) 16) 64) 64) (* v0 1011)) (+ (* (/ (+ (min (+ (* v0 -1011) (- v1 v2)) 1000) 16) 64) 64) (* v0 1011))))),0,1
47,(< (max (! (== (+ (* (/ (+ (min (- (* v0 4) 8) v1) 15) 4) 4) (+ (* v2 16) v3)) (+ (* (/ (+ (min (- (* v0 4) 8) v1) 15) 4) 4) (+ (* v2 16) v3)))) (!= (! (>= (/ (+ (* (- (/ (+ (max (* (/ (+ (+ v0 v1) 64) 65) 64) 1975) 40) 32) (/ (- (min (* (/ v1 65) 64) 4) 6) 32)) 32) 67) 36) 0)) (! (&& (&& (&& (&& (&& (&& 1 (<= (- (+ (* (+ (* v0 2) v1) 2) 0) 33) (- (* (+ (* v0 2) v1) 2) 33))) (>= (- (+ (* (+ (* v0 2) v1) 2) 3) 33) (- (+ (* (+ (* v0 2) v1) 2) 3) 33))) (<= 0 0)) (>= 0 0)) (<= v2 v2)) (>= v2 v2))))) (>= (! (== (* (/ (* v0 -88) 4) 4) (* v0 -88))) (! (== (+ (* (min (- (+ v0 v1) (* v2 1000)) (+ v1 1000)) -4) (+ (* v3 250) (* (+ (* v4 500) v1) 4))) (+ (* (min (- (+ v0 v1) (* v2 1000)) (+ v1 1000)) -4) (+ (* v3 250) (* (+ (* v4 500) v1) 4))))))),0,1
48,(max (! (== (min (min (+ v0 122) v1) (+ (+ (min (+ v0 60) v1) (* v2 8)) 8)) (min (min (+ v0 122) v1) (+ (+ (min (+ v0 60) v1) (* v2 8)) 8)))) (== (== (! (== (min (* v0 8) (+ (* (+ (/ v1 8) (* v2 4)) 8) 19)) (min (* v0 8) (+ (* (+ (/ v1 8) (* v2 4)) 8) 19)))) (! (== (min (+ (* v0 4) v1) (+ (* v2 8) 74)) (min (+ (* v0 4) v1) (+ (* v2 8) 74))))) (! (>= (! (== (* (/ (+ (min (+ (* v2 48) (+ (max (min (/ v3 2) 999) 0) 44)) (+ (max (min (/ v3 2) 999) 0) v1)) (* (min (+ (* v2 48) (max (min (/ v3 2) 999) 0)) (+ (+ (max (min (/ v3 2) 999) 0) v1) 6)) -1)) 2) 2) (+ (min (+ (* v2 48) (+ (max (min (/ v3 2) 999) 0) 44)) (+ (max (min (/ v3 2) 999) 0) v1)) (* (min (+ (* v2 48) (max (min (/ v3 2) 999) 0)) (+ (+ (max (min (/ v3 2) 999) 0) v1) 6)) -1)))) (! (== (min (+ (* v0 24) v1) (+ v2 238)) (min (+ (* v0 24) v1) (+ v2 238)))))))),0,1
49,(! (> (>= (max (! (== (/ (+ (* (- (/ (+ (+ v0 v1) 31) 32) (/ v1 32)) 32) 601) 524) (/ (+ (* (- (/ (+ (+ v0 v1) 31) 32) (/ v1 32)) 32) 601) 524))) (! (== (min (* (- (max (min (/ (- (+ v0 v1) 1) 63) 31) 0) (max (min (/ v1 63) 31) 0)) 8) (+ (* v2 8) 66)) (min (* (- (max (min (/ (- (+ v0 v1) 1) 63) 31) 0) (max (min (/ v1 63) 31) 0)) 8) (+ (* v2 8) 66))))) (> (! (== (min (/ (min (* (+ v0 v1) 4) (+ (+ (min (* (+ (* v2 3) v3) 128) 1016) (* (+ (* v4 286) v1) 4)) 128)) 4) (+ (+ (* v5 8) (+ (* v3 32) (+ (* v2 96) (+ (* v4 286) v1)))) 6)) (min (/ (min (* (+ v0 v1) 4) (+ (+ (min (* (+ (* v2 3) v3) 128) 1016) (* (+ (* v4 286) v1) 4)) 128)) 4) (+ (+ (* v5 8) (+ (* v3 32) (+ (* v2 96) (+ (* v4 286) v1)))) 6)))) (! (== (+ (max (* v0 126) -6) (/ v1 8)) (+ (max (* v0 126) -6) (/ v1 8)))))) (! (== (/ (+ (- (max (min (* (/ (- (+ v0 v1) 1) 63) 8) 244) -5) (max (min (* (/ v1 63) 8) 285) 36)) 105) 63) (/ (+ (- (max (min (* (/ (- (+ v0 v1) 1) 63) 8) 244) -5) (max (min (* (/ v1 63) 8) 285) 36)) 105) 63))))),0,1
50,(< (> (! (== (+ (min v0 0) (* (+ (* v1 3) v2) 2)) (+ (min v0 0) (* (+ (* v1 3) v2) 2)))) (! (== -31 (- (+ -31 (- 38 (max (min (* v0 4) 38) 3))) 1)))) (&& (! (>= (+ (* v0 8) v1) (+ (+ (* (- v0 1) 8) v1) 1))) (> (! (== (- (max v0 0) (+ (* v1 4) v2)) (- (max v0 0) (+ (* v1 4) v2)))) (! (== (min (max (- (/ (- v0 1) 4) (* v1 2)) -1) (+ (* (- v2 v1) 2) 1)) (min (max (- (/ (- v0 1) 4) (* v1 2)) -1) (+ (* (- v2 v1) 2) 1))))))),0,1
51,(> (! (== (* (/ (* (/ (max (min (+ (* v2 64) (/ v1 4)) 499) 0) 8) -1) 2) 2) (* (/ (max (min (+ (* v2 64) (/ v1 4)) 499) 0) 8) -1))) (&& (! (== 0 (- (+ 0 (/ (+ (% (+ v0 v1) 2) 251) 4)) 1))) (>= (! (== (- (- (/ (- (+ v0 v1) 1) 16) (* (/ v2 4) 32)) (/ v1 16)) (- (- (/ (- (+ v0 v1) 1) 16) (* (/ v2 4) 32)) (/ v1 16)))) (|| (! (== (- (/ (- (+ v0 v1) 1) 2) (+ (* v2 12) v3)) (- (/ (- (+ v0 v1) 1) 2) (+ (* v2 12) v3)))) (! (== (/ (+ (* (- (max (min (/ (+ (+ v0 v1) 64) 65) 27) -4) (max (min (/ v1 65) 34) 3)) 64) 1272) 564) (/ (+ (* (- (max (min (/ (+ (+ v0 v1) 64) 65) 27) -4) (max (min (/ v1 65) 34) 3)) 64) 1272) 564))))))),0,1
52,(<= (! (== (min (* (+ v0 v1) 4) (+ (* v2 4) 2)) (min (* (+ v0 v1) 4) (+ (* v2 4) 2)))) (|| (! (== (/ (+ (- (max (min (+ v0 v1) 2000) 1) (max (min v1 1999) 0)) 68) 64) (/ (+ (- (max (min (+ v0 v1) 2000) 1) (max (min v1 1999) 0)) 68) 64))) (>= (|| (! (== (- (max (min (+ v0 v1) 2000) 1) (min (+ (max (min v1 1999) 0) (* v2 64)) v3)) (- (max (min (+ v0 v1) 2000) 1) (min (+ (max (min v1 1999) 0) (* v2 64)) v3)))) (! (== (+ (min (* v0 64) 936) (+ v1 v2)) (+ (min (* v0 64) 936) (+ v1 v2))))) (! (== (min (* (+ (* v0 2) v1) 2) (+ (min (* v0 4) 3) 2)) (min (* (+ (* v0 2) v1) 2) (+ (min (* v0 4) 3) 2))))))),0,1
53,(== (> (!= (! (== (- (min (/ (+ (+ v0 v1) 935) 8) (+ (+ (/ (+ v0 v1) 8) (* (/ (+ (% (+ (min (* v2 1000) (- v3 1000)) v0) 8) 63) 32) 4)) 112)) (+ (/ (+ v0 v1) 8) (* v4 4))) (- (min (/ (+ (+ v0 v1) 935) 8) (+ (+ (/ (+ v0 v1) 8) (* (/ (+ (% (+ (min (* v2 1000) (- v3 1000)) v0) 8) 63) 32) 4)) 112)) (+ (/ (+ v0 v1) 8) (* v4 4))))) (! (== (- (- (max v0 0) (* v1 2)) (+ (* v2 20) v3)) (- (- (max v0 0) (* v1 2)) (+ (* v2 20) v3))))) (< (! (== (min (- (max (min (* (/ (+ (+ v0 v1) 62) 63) 8) 243) -6) (max (min (* (/ v1 63) 8) 258) 9)) v2) (min (- (max (min (* (/ (+ (+ v0 v1) 62) 63) 8) 243) -6) (max (min (* (/ v1 63) 8) 258) 9)) v2))) (! (!= v0 0)))) (! (== (min (/ (+ (min v0 124) 1) 2) (+ (- (* v1 -63) (/ v2 2)) 999)) (min (/ (+ (min v0 124) 1) 2) (+ (- (* v1 -63) (/ v2 2)) 999))))),0,1
54,(> (! (== (- (max (min (/ (+ (+ v0 v1) 7) 8) 249) 0) (max (min (/ v1 8) 256) 7)) (- (max (min (/ (+ (+ v0 v1) 7) 8) 249) 0) (max (min (/ v1 8) 256) 7)))) (! (== (>= (! (!= (/ (+ (* v0 32) 601) 524) 0)) (! (!= (/ (+ v0 9) 5) 0))) (max (! (== (+ (max (min (+ (* v0 68) v1) 378) 129) (* v2 4)) (+ (max (min (+ (* v0 68) v1) 378) 129) (* v2 4)))) (! (== (+ (/ (- (/ (- (+ v0 v1) 1) 17) (/ v1 17)) 40) 1) (+ (/ (- (/ (- (+ v0 v1) 1) 17) (/ v1 17)) 40) 1))))))),0,1
55,(max (! (== (min (- 1003 (* (+ (* v0 126) v1) 4)) (+ (- (* (/ (- (+ v2 v3) 1) 8) 8) (+ (* (+ (* v0 126) v1) 4) v4)) 12)) (min (- 1003 (* (+ (* v0 126) v1) 4)) (+ (- (* (/ (- (+ v2 v3) 1) 8) 8) (+ (* (+ (* v0 126) v1) 4) v4)) 12)))) (!= (> (! (== (min (- (/ (+ (+ v0 v1) 55) 8) (/ v1 8)) (+ v2 3)) (min (- (/ (+ (+ v0 v1) 55) 8) (/ v1 8)) (+ v2 3)))) (! (== (- (* (/ (+ (+ v0 v1) 314) 63) 32) (+ (* v2 4) v3)) (- (* (/ (+ (+ v0 v1) 314) 63) 32) (+ (* v2 4) v3))))) (max (! (== (- v0 (+ (/ v1 8) (* v2 63))) (- v0 (+ (/ v1 8) (* v2 63))))) (! (>= (- (min v0 0) 5) (- (+ (- (min v0 0) 5) (- 7 (min v0 0))) 1)))))),0,1
56,(<= (>= (! (== (- (max (min (/ (+ (+ v0 v1) 7) 8) 249) 0) (max (min (/ v1 8) 256) 7)) (- (max (min (/ (+ (+ v0 v1) 7) 8) 249) 0) (max (min (/ v1 8) 256) 7)))) (min (! (== (- (max (min (/ (- (+ v0 v1) 1) 8) 249) 0) (+ (* v2 4) v3)) (- (max (min (/ (- (+ v0 v1) 1) 8) 249) 0) (+ (* v2 4) v3)))) (! (&& (&& (&& (&& (&& (&& 1 (<= (+ 0 (+ (* v0 32) v1)) (+ (* v0 32) v1))) (>= (+ 3 (+ (+ (* v0 32) v1) 28)) (+ (+ (* v0 32) 31) v1))) (<= (+ v2 v3) (+ v2 v3))) (>= (+ v2 v3) (+ v2 v3))) (<= v4 v4)) (>= v4 v4))))) (min (! (== (- (- (/ (- (+ v0 v1) 1) 4) (* v2 32)) (/ v1 4)) (- (- (/ (- (+ v0 v1) 1) 4) (* v2 32)) (/ v1 4)))) (! (== (/ (+ (* (- (/ (+ (+ v0 v1) 124) 125) (/ v1 125)) 16) 39) 18) (/ (+ (* (- (/ (+ (+ v0 v1) 124) 125) (/ v1 125)) 16) 39) 18))))),0,1
57,(== (< (! (== (min (+ (* v0 64) v1) v2) (min (+ (* v0 64) v1) v2))) (! (!= (/ (+ (* (- v0 v1) 8) 1326) 1220) 0))) (> (== (! (== (min (+ (+ (* v0 8) v1) 6) v2) (min (+ (+ (* v0 8) v1) 6) v2))) (! (== (min (+ (+ v0 v1) 61) v2) (min (+ (+ v0 v1) 61) v2)))) (! (== (* (/ (max (min (+ (* v0 -500) v1) 500) 0) 4) 4) (max (min (+ (* v0 -500) v1) 500) 0))))),0,1
58,(== (min (&& (! (== (min (max (min v0 249) 0) (- v0 4)) (min (max (min v0 249) 0) (- v0 4)))) (! (== (+ (min (max (/ (+ (+ v0 v1) 7) 8) 249) (+ (+ (min (/ v1 8) 0) (* v2 128)) 122)) (* v3 64)) (+ (min (max (/ (+ (+ v0 v1) 7) 8) 249) (+ (+ (min (/ v1 8) 0) (* v2 128)) 122)) (* v3 64))))) (! (== (min (+ (max v0 0) (* v1 12)) (+ (max (min (+ (* v2 500) v3) (- (min (+ v4 v3) 2000) 500)) -499) 488)) (min (+ (max v0 0) (* v1 12)) (+ (max (min (+ (* v2 500) v3) (- (min (+ v4 v3) 2000) 500)) -499) 488))))) (&& (! (== (+ (* (+ (* v0 2) v1) 16) (+ (* v2 128) v3)) (+ (* (+ (* v0 2) v1) 16) (+ (* v2 128) v3)))) (! (>= (- (* (+ (* (+ v0 v1) 4) v2) 8) 192) (- (+ (- (* (+ (* (+ v0 v1) 4) v2) 8) 192) 8) 1))))),0,1
59,(< (! (== (min (* v0 128) (- v1 128)) (min (* v0 128) (- v1 128)))) (<= (>= (! (== (min (+ (+ (* v0 4) (+ (* v1 16) v2)) 3) v3) (min (+ (+ (* v0 4) (+ (* v1 16) v2)) 3) v3))) (min (! (&& (&& (&& (&& (&& (&& 1 (<= (- (* (+ (* (+ (* v0 8) v1) 2) v2) 16) 20) (- (* (+ (* (+ (* v0 8) v1) 2) v2) 16) 20))) (>= (- (* (+ (* (+ (* v0 8) v1) 2) v2) 16) 5) (- (* (+ (* (+ (* v0 8) v1) 2) v2) 16) 5))) (<= (* v3 4) (+ (* v3 4) 0))) (>= (+ (* v3 4) 3) (+ (* v3 4) 3))) (<= (+ (* 0 4) 0) 0)) (>= (+ (* 2 4) 3) 11))) (! (== (max (+ (* (min (- (/ (+ (+ v0 v1) 314) 63) (/ v1 63)) v2) 2) 1) v3) (max (+ (* (min (- (/ (+ (+ v0 v1) 314) 63) (/ v1 63)) v2) 2) 1) v3))))) (! (>= (max (- -769 (* v0 8)) (+ (* v0 8) 60)) 0)))),0,1
60,(> (max (<= (! (== 0 (- (+ 0 (+ (* (- v0 v1) 2) 12)) 1))) (! (== (+ v0 741) (- (+ (+ v0 741) (- 263 (max (* v1 129) 128))) 1)))) (!= (! (== (min (+ (* v0 96) 92) v1) (min (+ (* v0 96) 92) v1))) (! (<= (max (+ (min (/ (- 34 v0) 4) (- (+ 0 3) 1)) 1) (min (max (- 2 (/ v0 4)) 0) (+ 3 0))) (min (max (- 2 (/ v0 4)) 0) (+ 3 0)))))) (! (== (+ (min (* v0 60) 230) (+ (min (* v1 288) (- v2 288)) v3)) (+ (min (* v0 60) 230) (+ (min (* v1 288) (- v2 288)) v3))))),0,1
61,(<= (|| (! (== (- (* (max (min (/ (+ (+ v0 v1) 7) 8) 249) 0) 2) (+ (* v2 2) (+ (* v3 63) v4))) (- (* (max (min (/ (+ (+ v0 v1) 7) 8) 249) 0) 2) (+ (* v2 2) (+ (* v3 63) v4))))) (! (== (min (* (+ (* (/ (+ (- (max v0 0) v1) 1) 31) 31) v1) 8) (+ (* (max v0 0) 8) 12)) (min (* (+ (* (/ (+ (- (max v0 0) v1) 1) 31) 31) v1) 8) (+ (* (max v0 0) 8) 12))))) (! (min (|| (! (== (* (/ (* v0 128) 32) 32) (* v0 128))) (! (== (+ v0 1) (- (+ (+ v0 1) (+ 0 1)) 1)))) (! (== (+ (min (/ v0 8) 249) (* v1 16)) (+ (min (/ v0 8) 249) (* v1 16))))))),0,1
62,(== (< (! (== (/ (+ v0 15) 252) (- (+ (/ (+ v0 15) 252) (/ (+ (% (+ v0 15) 252) 251) 252)) 1))) (! (== (- v0 (* v1 16)) (- v0 (* v1 16))))) (max (! (!= (/ (+ (- v0 v1) 524) 513) 0)) (|| (! (== (min (/ (- (+ (* v0 2004) v1) 13) 8) (* (/ v2 64) 8)) (min (/ (- (+ (* v0 2004) v1) 13) 8) (* (/ v2 64) 8)))) (! (== (/ (+ (- (max (min (* (/ (- (+ v0 v1) 1) 63) 64) 1938) -61) (max (min (* (/ v1 63) 64) 2044) 45)) 606) 500) (/ (+ (- (max (min (* (/ (- (+ v0 v1) 1) 63) 64) 1938) -61) (max (min (* (/ v1 63) 64) 2044) 45)) 606) 500)))))),0,1
63,(== (! (== (min (+ (min (* (+ (* v0 4) v1) 2) 251) (* v2 4)) (+ (* (min (+ (* v0 4) v1) (+ (min (+ (max (min (* v3 8) 113) -11) 5) v1) 4)) 2) 4)) (min (+ (min (* (+ (* v0 4) v1) 2) 251) (* v2 4)) (+ (* (min (+ (* v0 4) v1) (+ (min (+ (max (min (* v3 8) 113) -11) 5) v1) 4)) 2) 4)))) (<= (! (< (! (== (- (min (- (max (min (+ (/ (min (* v0 128) 372) 2) (/ (+ (+ v1 v2) 129) 2)) 999) 0) (max (min (+ (/ (min (* v0 128) 372) 2) (/ (+ v1 v2) 2)) 999) 0)) (+ (* (+ (* v3 2) v4) 8) 7)) (* v3 16)) (- (min (- (max (min (+ (/ (min (* v0 128) 372) 2) (/ (+ (+ v1 v2) 129) 2)) 999) 0) (max (min (+ (/ (min (* v0 128) 372) 2) (/ (+ v1 v2) 2)) 999) 0)) (+ (* (+ (* v3 2) v4) 8) 7)) (* v3 16)))) (! (== (min (/ (- (+ v0 v1) 1) 65) (+ (+ (/ v1 65) (* (/ v2 16) 16)) 15)) (min (/ (- (+ v0 v1) 1) 65) (+ (+ (/ v1 65) (* (/ v2 16) 16)) 15)))))) (>= (! (== (+ (max (min (+ v0 v1) 1999) 0) (* v2 32)) (+ (max (min (+ v0 v1) 1999) 0) (* v2 32)))) (! (== (min (+ (max (min (+ v0 v1) 1500) -499) 378) v2) (min (+ (max (min (+ v0 v1) 1500) -499) 378) v2)))))),0,1
64,(! (|| (! (<= (>= (! (== (+ (* v0 201) (* v1 8)) (+ (* v0 201) (* v1 8)))) (! (!= (/ (+ (* v0 8) 76) 67) 0))) (! (== (min (- (- (* (- (min (max v0 0) (+ (+ (min (* v1 20) 19) (+ (* v2 39) v3)) 19)) (* v1 20)) 8) (* v4 41)) (* (+ (* v2 39) v3) 8)) v5) (min (- (- (* (- (min (max v0 0) (+ (+ (min (* v1 20) 19) (+ (* v2 39) v3)) 19)) (* v1 20)) 8) (* v4 41)) (* (+ (* v2 39) v3) 8)) v5))))) (<= (! (== (* v0 4) (- (+ (* v0 4) (+ (* (min v1 31) 4) 4)) 1))) (! (== (- (max (min (/ (+ (+ v0 v1) 7) 8) 249) 0) (+ (* v2 8) v3)) (- (max (min (/ (+ (+ v0 v1) 7) 8) 249) 0) (+ (* v2 8) v3))))))),0,1
65,(<= (== (> (! (== (min (max (min (* v0 2) 1991) -8) (+ v1 244)) (min (max (min (* v0 2) 1991) -8) (+ v1 244)))) (! (== (* (/ (* (min (* v0 32) (- v1 32)) 4) 4) 4) (* (min (* v0 32) (- v1 32)) 4)))) (! (== (+ (* v0 2) (+ (* v1 87) v2)) (+ (* v0 2) (+ (* v1 87) v2))))) (<= (! (== (- (- (* (max (min (* (/ (- (+ v0 v1) 1) 63) 8) 244) -5) 8) (* (/ v2 4) 501)) (* (max (min (* (/ v1 63) 8) 285) 36) 8)) (- (- (* (max (min (* (/ (- (+ v0 v1) 1) 63) 8) 244) -5) 8) (* (/ v2 4) 501)) (* (max (min (* (/ v1 63) 8) 285) 36) 8)))) (! (== (min (* (+ (* v0 2) v1) 4) (+ (* v2 8) 31)) (min (* (+ (* v0 2) v1) 4) (+ (* v2 8) 31)))))),0,1
66,(max (> (! (== (+ (min v0 1) (+ (* v1 3) v2)) (+ (min v0 1) (+ (* v1 3) v2)))) (! (== (min (+ (+ (* v0 4) v1) 2) v2) (min (+ (+ (* v0 4) v1) 2) v2)))) (<= (! (== (- v0 (* v1 1009)) (- v0 (* v1 1009)))) (! (>= (! (< (+ (* (+ (* v0 2) v1) 8) 8) (+ (* (+ (* v0 2) (+ v1 1)) 8) 1))) (! (== (min (+ (+ (min (+ (* v0 -4) (+ (* v1 -32) (+ (* v2 -128) v3))) 4) (* (/ (- (min (+ (* (+ (* (+ (* v2 4) v1) 8) v0) 4) 4) v3) 1) 4) 4)) v4) v5) (min (+ (+ (min (+ (* v0 -4) (+ (* v1 -32) (+ (* v2 -128) v3))) 4) (* (/ (- (min (+ (* (+ (* (+ (* v2 4) v1) 8) v0) 4) 4) v3) 1) 4) 4)) v4) v5))))))),0,1
67,(max (! (== (+ (* v0 125) (* v1 4)) (+ (* v0 125) (* v1 4)))) (!= (min (! (== (- (* (/ v0 65) 8) 9) (- (+ (- (* (/ v0 65) 8) 9) (+ (* v1 8) 20)) 1))) (min (! (>= (max (/ (* (- v0 v1) 8) 126) 0) (- (+ (max (/ (* (- v0 v1) 8) 126) 0) (max (- (/ (+ (* (- v0 v1) 8) 125) 126) (max (/ (* (- v0 v1) 8) 126) 0)) 0)) 1))) (! (== (- v0 (* v1 8)) (- v0 (* v1 8)))))) (! (== (/ (+ (- (/ (+ (+ v0 v1) 23) 8) (/ v1 8)) 35) 32) (/ (+ (- (/ (+ (+ v0 v1) 23) 8) (/ v1 8)) 35) 32))))),0,1
68,(!= (max (< (! (!= (/ (+ (* v0 32) 601) 524) 0)) (! (!= v0 0))) (! (== (- v0 (* v1 128)) (- v0 (* v1 128))))) (> (! (== (- (+ v0 v1) (min (+ (+ (min (+ v1 190) v2) (* v3 -4)) 126) v1)) (- (+ v0 v1) (min (+ (+ (min (+ v1 190) v2) (* v3 -4)) 126) v1)))) (! (== (- (- v0 (* v1 8)) (/ v2 65)) (- (- v0 (* v1 8)) (/ v2 65)))))),0,1
69,(&& (< (! (== (- v0 (* v1 16)) (- v0 (* v1 16)))) (! (== (- (max (min (+ (* v0 500) v1) (- (min (+ v2 v1) 2000) 500)) -499) (+ (max (min (+ (* v0 500) v1) (- (min (+ v2 v1) 2499) 500)) 0) (* (+ (* v3 16) (+ (* v4 8) v5)) 4))) (- (max (min (+ (* v0 500) v1) (- (min (+ v2 v1) 2000) 500)) -499) (+ (max (min (+ (* v0 500) v1) (- (min (+ v2 v1) 2499) 500)) 0) (* (+ (* v3 16) (+ (* v4 8) v5)) 4)))))) (!= (&& (! (== (* (/ (* (% v0 (/ (+ v1 22) 8)) -8) 4) 4) (* (% v0 (/ (+ v1 22) 8)) -8))) (! (== (min (+ (min (* (min (+ v0 12) (+ (max (min (/ v1 2) 999) 0) v2)) 2) 1995) 4) v3) (min (+ (min (* (min (+ v0 12) (+ (max (min (/ v1 2) 999) 0) v2)) 2) 1995) 4) v3)))) (! (== (min (/ (+ (+ v0 v1) 7) 2) (- (+ (/ (+ v0 v1) 2) (* (/ (+ (% (+ v0 v1) 2) 7) 4) 4)) 1)) (min (/ (+ (+ v0 v1) 7) 2) (- (+ (/ (+ v0 v1) 2) (* (/ (+ (% (+ v0 v1) 2) 7) 4) 4)) 1)))))),0,1
70,(<= (!= (! (>= (/ (- v0 1) 1008) (- (+ (/ (- v0 1) 1008) (/ (+ (% (+ v0 1007) 1008) 1023) 1008)) 1))) (!= (! (== (/ (+ (* (- (/ (+ (+ v0 v1) 499) 500) (/ v1 500)) 8) 35) 23) (/ (+ (* (- (/ (+ (+ v0 v1) 499) 500) (/ v1 500)) 8) 35) 23))) (! (== (+ (min (+ (* v0 1000) v1) 1999) (* (/ (- (min (+ (* v2 128) 128) v3) 1) 4) 4)) (+ (min (+ (* v0 1000) v1) 1999) (* (/ (- (min (+ (* v2 128) 128) v3) 1) 4) 4)))))) (> (! (== (min (+ (* v0 16) v1) (+ (/ (+ v2 v3) 4) 28)) (min (+ (* v0 16) v1) (+ (/ (+ v2 v3) 4) 28)))) (! (== (+ (- (/ (- (+ v0 v1) 1) 250) (/ v1 250)) 1) (+ (- (/ (- (+ v0 v1) 1) 250) (/ v1 250)) 1))))),0,1
71,(> (>= (! (>= (max (/ (+ (- v0 v1) 8) 64) 0) (- (+ (max (/ (+ (- v0 v1) 8) 64) 0) (max (- (/ (+ (- v0 v1) 71) 64) (max (/ (+ (- v0 v1) 8) 64) 0)) 0)) 1))) (! (== (+ (/ (- (max (/ (+ (+ v0 v1) 3) 4) 499) (min (/ v1 4) 0)) 64) 1) (+ (/ (- (max (/ (+ (+ v0 v1) 3) 4) 499) (min (/ v1 4) 0)) 64) 1)))) (>= (min (! (== (min (+ (max (min (+ (* v0 8) v1) 1117) 118) (* (/ (+ v2 3) 2) 2)) (+ v3 2)) (min (+ (max (min (+ (* v0 8) v1) 1117) 118) (* (/ (+ v2 3) 2) 2)) (+ v3 2)))) (! (!= (/ (+ (* v0 4) 33) 9) 0))) (! (== (* (+ (* (+ (* (/ v0 63) 2) v1) 8) v2) 4) (* (+ (* (+ (* (/ v0 63) 2) v1) 8) v2) 4))))),0,1
72,(max (max (! (== (min (max (min (+ v0 v1) 1875) -124) (+ (+ (max (min (+ v0 v1) 1999) 0) (* (/ v2 4) 4)) 3)) (min (max (min (+ v0 v1) 1875) -124) (+ (+ (max (min (+ v0 v1) 1999) 0) (* (/ v2 4) 4)) 3)))) (! (== (min (/ (- (+ v0 v1) 1) 8) (+ (+ (/ v1 8) (* (/ v2 64) 64)) 63)) (min (/ (- (+ v0 v1) 1) 8) (+ (+ (/ v1 8) (* (/ v2 64) 64)) 63))))) (<= (!= (! (== (min (* (+ (* v0 4) v1) 64) (+ (* (min (* v0 64) 433) 4) 192)) (min (* (+ (* v0 4) v1) 64) (+ (* (min (* v0 64) 433) 4) 192)))) (! (== (- (- (/ (+ (+ v0 v1) 7) 8) (* v2 128)) (/ v1 8)) (- (- (/ (+ (+ v0 v1) 7) 8) (* v2 128)) (/ v1 8))))) (! (!= (/ (+ (* v0 8) 45) 20) 0)))),0,1
73,(<= (!= (! (== (max (- (- (/ (+ (+ v0 v1) 7) 8) (* v2 2)) (/ v1 8)) (- (/ (- v0 1) 8) (* v2 2))) (max (- (- (/ (+ (+ v0 v1) 7) 8) (* v2 2)) (/ v1 8)) (- (/ (- v0 1) 8) (* v2 2))))) (! (== (+ (max (+ (* v0 24) (- (max (min (+ (* v1 500) v2) (- (min (+ v3 v2) 2499) 500)) 0) (max (min (+ (* v1 500) v2) (- (min (+ v3 v2) 2000) 500)) -499))) 476) (* v4 4)) (+ (max (+ (* v0 24) (- (max (min (+ (* v1 500) v2) (- (min (+ v3 v2) 2499) 500)) 0) (max (min (+ (* v1 500) v2) (- (min (+ v3 v2) 2000) 500)) -499))) 476) (* v4 4))))) (!= (! (&& (&& (&& (&& (&& (&& 1 (<= v0 v0)) (>= v0 v0)) (<= (- (+ (* (+ (* 0 2) v1) 2) 0) 4) (- (* v1 2) 4))) (>= (- (+ (* (+ (* 15 2) v1) 2) 3) 4) (- (+ (* v1 2) 63) 4))) (<= v2 v2)) (>= v2 v2))) (<= (! (== (min (* (/ (max (min (/ (+ (+ v0 v1) 7) 8) 249) 0) 8) 8) (+ v2 111)) (min (* (/ (max (min (/ (+ (+ v0 v1) 7) 8) 249) 0) 8) 8) (+ v2 111)))) (! (== (/ (+ (* (- (max (min (/ (- (+ v0 v1) 1) 65) 29) -2) (max (min (/ v1 65) 31) 0)) 2) 26) 17) (/ (+ (* (- (max (min (/ (- (+ v0 v1) 1) 65) 29) -2) (max (min (/ v1 65) 31) 0)) 2) 26) 17)))))),0,1
74,(< (! (== (/ (+ (- (max (min (+ v0 v1) 1995) -4) (max (min v1 2002) 3)) 259) 252) (/ (+ (- (max (min (+ v0 v1) 1995) -4) (max (min v1 2002) 3)) 259) 252))) (> (! (>= (- (max (min v0 7) -6) 9) (- (+ (- (max (min v0 7) -6) 9) (- 11 (max (min v0 7) -6))) 1))) (!= (! (== (min (/ (- (+ v0 v1) 17) 16) (+ (/ v1 16) (* v2 2))) (min (/ (- (+ v0 v1) 17) 16) (+ (/ v1 16) (* v2 2))))) (!= (! (== (- (min (- (* (max v0 0) 8) (* v1 124)) (+ (* v2 8) 112)) (* (+ (* v2 2) v3) 4)) (- (min (- (* (max v0 0) 8) (* v1 124)) (+ (* v2 8) 112)) (* (+ (* v2 2) v3) 4)))) (! (== (min (/ (- (+ v0 v1) 1) 8) (+ (+ (min (+ (/ v1 8) 49) v2) (* v3 64)) 14)) (min (/ (- (+ v0 v1) 1) 8) (+ (+ (min (+ (/ v1 8) 49) v2) (* v3 64)) 14)))))))),0,1
75,(!= (! (== (- (min (- (/ (+ (+ v0 v1) 1) 2) (* v2 32)) (+ (/ v1 2) 31)) (+ (* v3 4) (+ (/ v1 2) (* v4 16)))) (- (min (- (/ (+ (+ v0 v1) 1) 2) (* v2 32)) (+ (/ v1 2) 31)) (+ (* v3 4) (+ (/ v1 2) (* v4 16)))))) (< (! (>= (max (- -1245 (* (- (max v0 0) v1) 8)) (+ (* (- (max v0 0) v1) 8) 10)) 0)) (== (! (== (/ (+ (- (max (min (* (/ (+ (+ v0 v1) 5) 2) 2) 1995) -4) (max (* (min (/ v1 2) 1003) 2) 7)) 145) 126) (/ (+ (- (max (min (* (/ (+ (+ v0 v1) 5) 2) 2) 1995) -4) (max (* (min (/ v1 2) 1003) 2) 7)) 145) 126))) (> (! (== (min (+ (* v0 4) v1) (+ v2 28)) (min (+ (* v0 4) v1) (+ v2 28)))) (! (== (/ (+ (- (/ (+ (+ v0 v1) 5) 2) (/ v1 2)) 252) 251) (/ (+ (- (/ (+ (+ v0 v1) 5) 2) (/ v1 2)) 252) 251))))))),0,1
76,(>= (min (! (== (max (/ (+ (- v0 (+ (* v1 32) v2)) 5) 4) (+ (+ (/ (- v0 v2) 4) (* v1 -8)) 2)) (max (/ (+ (- v0 (+ (* v1 32) v2)) 5) 4) (+ (+ (/ (- v0 v2) 4) (* v1 -8)) 2)))) (! (== (+ (* v0 63) (+ (* v1 251) (+ (* (max (min (* (/ v2 63) 8) 285) 36) 2) v3))) (+ (* v0 63) (+ (* v1 251) (+ (* (max (min (* (/ v2 63) 8) 285) 36) 2) v3)))))) (> (! (== (- (/ (- (min (* (/ v0 65) 64) 4) 6) 32) (min (/ (+ (min (* (/ v0 65) 64) 4) 346) 32) (- (/ (+ (max (+ (min (* (/ v0 65) 64) 4) v1) 1975) 40) 32) (* v2 12)))) (- (/ (- (min (* (/ v0 65) 64) 4) 6) 32) (min (/ (+ (min (* (/ v0 65) 64) 4) 346) 32) (- (/ (+ (max (+ (min (* (/ v0 65) 64) 4) v1) 1975) 40) 32) (* v2 12)))))) (!= (! (>= (* v0 4) (+ (+ (* (- v0 1) 4) 3) 1))) (! (!= (+ (/ v0 4) 1) 0))))),0,1
77,(! (> (&& (! (== (min (+ (* v0 2) v1) (+ (min (max (/ (+ (+ v2 v3) 23) 8) 249) (- v1 1)) 3)) (min (+ (* v0 2) v1) (+ (min (max (/ (+ (+ v2 v3) 23) 8) 249) (- v1 1)) 3)))) (! (== (+ (min (- (- (* (max (min (* (/ (- (+ v0 v1) 1) 63) 8) 244) -5) 8) (* v2 252)) (* (max (min (* (/ v1 63) 8) 285) 36) 8)) -86) (* v3 -128)) (+ (min (- (- (* (max (min (* (/ (- (+ v0 v1) 1) 63) 8) 244) -5) 8) (* v2 252)) (* (max (min (* (/ v1 63) 8) 285) 36) 8)) -86) (* v3 -128))))) (min (! (>= (/ (+ (- (max (/ (+ (+ v0 v1) 3) 4) 499) (min (/ v1 4) 0)) 254) 252) 0)) (&& (! (== (min (max (max (/ (+ (- v0 v1) 3) 4) (+ (min (min (+ (/ (- -159 v1) 4) (* v2 2)) (- (/ (- (+ v3 v0) v1) 4) 1)) (/ (- (- (min (* v2 8) (+ (+ v3 v0) 158)) v1) 159) 4)) 1)) 0) v4) (min (max (max (/ (+ (- v0 v1) 3) 4) (+ (min (min (+ (/ (- -159 v1) 4) (* v2 2)) (- (/ (- (+ v3 v0) v1) 4) 1)) (/ (- (- (min (* v2 8) (+ (+ v3 v0) 158)) v1) 159) 4)) 1)) 0) v4))) (! (== (min (- (- (/ (- (+ v0 v1) 1) 4) (/ v1 4)) 3) v2) (min (- (- (/ (- (+ v0 v1) 1) 4) (/ v1 4)) 3) v2))))))),0,1
78,(&& (>= (>= (! (== (* (/ (* (% v0 (/ (+ (- v1 v2) 78) 18)) -36) 4) 4) (* (% v0 (/ (+ (- v1 v2) 78) 18)) -36))) (! (== (min (- (/ (+ (+ v0 v1) 259) 65) (/ v1 65)) (+ v2 3)) (min (- (/ (+ (+ v0 v1) 259) 65) (/ v1 65)) (+ v2 3))))) (! (max (! (== (min (/ (- (+ v0 v1) 1) 32) (+ v2 31)) (min (/ (- (+ v0 v1) 1) 32) (+ v2 31)))) (! (== (max (min (max (* v0 64) 99) (+ (* (+ (min v1 1) v0) 64) 152)) (+ (min (* (+ (min v1 1) v0) 64) 1947) 152)) (max (min (max (* v0 64) 99) (+ (* (+ (min v1 1) v0) 64) 152)) (+ (min (* (+ (min v1 1) v0) 64) 1947) 152))))))) (! (== (min (- v0 (/ (+ v1 v2) 32)) v3) (min (- v0 (/ (+ v1 v2) 32)) v3)))),0,1
79,(>= (< (! (== (+ (max (min v0 36) 5) (* (/ (+ v1 11) 4) 4)) (+ (max (min v0 36) 5) (* (/ (+ v1 11) 4) 4)))) (! (== (min (max (- (max (min (/ (+ (min (+ (* v0 4) 41) (+ v1 v2)) 31) 4) (+ (min (/ (+ v1 v2) 4) (+ v0 11)) 7)) (/ (+ v2 31) 4)) v3) -1) (+ (min (- (- (/ (+ (+ v4 v5) 3) 4) (* v6 32)) (/ v5 4)) 31) 18)) (min (max (- (max (min (/ (+ (min (+ (* v0 4) 41) (+ v1 v2)) 31) 4) (+ (min (/ (+ v1 v2) 4) (+ v0 11)) 7)) (/ (+ v2 31) 4)) v3) -1) (+ (min (- (- (/ (+ (+ v4 v5) 3) 4) (* v6 32)) (/ v5 4)) 31) 18))))) (max (== (! (== (- (min v0 33) 33) (- (+ (- (min v0 33) 33) (- 36 (min v0 33))) 1))) (! (== (min (* (+ (* (+ (* (/ v0 1000) 8) v1) 2) v2) 16) (+ (* (/ (- (+ v3 v0) 1) 1000) 256) 516)) (min (* (+ (* (+ (* (/ v0 1000) 8) v1) 2) v2) 16) (+ (* (/ (- (+ v3 v0) 1) 1000) 256) 516))))) (! (== (+ (max (min v0 1996) -3) (* v1 4)) (+ (max (min v0 1996) -3) (* v1 4)))))),0,1
80,(max (>= (! (== (min (- 724 (+ (* (/ (- 375 (% (+ (min (* v0 125) (- v1 125)) v2) 500)) 500) 512) (+ (* v3 61) (* v4 121)))) (- 120 (* v3 61))) (min (- 724 (+ (* (/ (- 375 (% (+ (min (* v0 125) (- v1 125)) v2) 500)) 500) 512) (+ (* v3 61) (* v4 121)))) (- 120 (* v3 61))))) (! (== (+ (/ (- (max (min (* (/ (+ (+ v0 v1) 39) 8) 8) 1991) -8) (max (min (* (/ v1 8) 8) 2007) 8)) 16) 2) (+ (/ (- (max (min (* (/ (+ (+ v0 v1) 39) 8) 8) 1991) -8) (max (min (* (/ v1 8) 8) 2007) 8)) 16) 2)))) (<= (! (&& (&& (&& (&& (&& (&& 1 (<= (+ (+ (* v0 4) v1) 0) (+ (+ (* v0 4) 0) v1))) (>= (+ (+ (* v0 4) v1) 3) (+ (+ (* v0 4) (- (+ 4 0) 1)) v1))) (<= 0 0)) (>= 0 0)) (<= 0 0)) (>= 2 (- (+ 3 0) 1)))) (<= (! (== (+ (/ v0 32) (* v1 2)) (+ (/ v0 32) (* v1 2)))) (! (< (- (+ (+ (* v0 1011) v1) v2) 6) (- (+ (+ (* v0 1011) v1) (+ v2 1)) 11)))))),0,1
81,(>= (! (== (! (max (! (== (+ (* v0 73) (* (max (min (/ (+ v1 v2) 8) 249) 0) 8)) (+ (* v0 73) (* (max (min (/ (+ v1 v2) 8) 249) 0) 8)))) (! (== (/ (+ (- (max (min (* (/ (+ (+ v0 v1) 63) 32) 32) 1994) -5) (max (min (* (/ v1 32) 32) 2193) 194)) 867) 668) (/ (+ (- (max (min (* (/ (+ (+ v0 v1) 63) 32) 32) 1994) -5) (max (min (* (/ v1 32) 32) 2193) 194)) 867) 668))))) (! (>= (max (- -754 (* v0 8)) (+ (* v0 8) 56)) 0)))) (|| (! (== 0 (- (+ 0 (- 3 (max (* v0 4) -1))) 1))) (! (== (* (/ (* (% v0 (/ (+ v1 253) 252)) -252) 4) 4) (* (% v0 (/ (+ v1 253) 252)) -252))))),0,1
82,(|| (! (== (min (/ (+ (+ v0 v1) 505) 2) (+ (+ (/ (+ v0 v1) 2) (* v2 86)) 80)) (min (/ (+ (+ v0 v1) 505) 2) (+ (+ (/ (+ v0 v1) 2) (* v2 86)) 80)))) (&& (max (! (== (/ (+ (- (/ (+ (+ v0 v1) 13) 2) (/ v1 2)) 134) 127) (/ (+ (- (/ (+ (+ v0 v1) 13) 2) (/ v1 2)) 134) 127))) (! (== (+ (* v0 4) (- (/ v1 2) (/ (+ (+ v2 v1) 1) 2))) (+ (* v0 4) (- (/ v1 2) (/ (+ (+ v2 v1) 1) 2)))))) (min (! (== (- (min (- (/ (+ (+ v0 v1) 1) 2) (* v2 252)) (+ (+ (/ v1 2) (* v3 32)) 31)) (+ (* v3 32) (+ (/ v1 2) (* v4 4)))) (- (min (- (/ (+ (+ v0 v1) 1) 2) (* v2 252)) (+ (+ (/ v1 2) (* v3 32)) 31)) (+ (* v3 32) (+ (/ v1 2) (* v4 4)))))) (! (== (- v0 (* (+ (* v1 500) v2) 2)) (- v0 (* (+ (* v1 500) v2) 2))))))),0,1
83,(== (!= (! (== (min (- (max (min (+ (min (* v0 128) 127) v1) 1117) 118) (max (min (+ (min (* v0 128) 127) v1) 1244) 245)) v2) (min (- (max (min (+ (min (* v0 128) 127) v1) 1117) 118) (max (min (+ (min (* v0 128) 127) v1) 1244) 245)) v2))) (! (!= (/ (+ v0 12) 8) 0))) (>= (< (! (== (+ (/ v0 8) (* v1 2)) (+ (/ v0 8) (* v1 2)))) (! (== (+ (* v0 4) (+ (max (min (+ v1 v2) 1999) 0) (* v3 4))) (+ (* v0 4) (+ (max (min (+ v1 v2) 1999) 0) (* v3 4)))))) (! (== (+ (* v0 68) (* (/ (- -125 (% (+ (min (* v1 125) (- v2 125)) v3) 8)) 8) 8)) (+ (* v0 68) (* (/ (- -125 (% (+ (min (* v1 125) (- v2 125)) v3) 8)) 8) 8)))))),0,1
84,(! (&& (! (== (min (max (max (/ (+ (- v0 v1) 3) 4) (+ (min (min (+ (/ (- -159 v1) 4) (* v2 2)) (- (/ (- (+ v3 v0) v1) 4) 1)) (/ (- (- (min (* v2 8) (+ (+ v3 v0) 158)) v1) 159) 4)) 1)) 0) v4) (min (max (max (/ (+ (- v0 v1) 3) 4) (+ (min (min (+ (/ (- -159 v1) 4) (* v2 2)) (- (/ (- (+ v3 v0) v1) 4) 1)) (/ (- (- (min (* v2 8) (+ (+ v3 v0) 158)) v1) 159) 4)) 1)) 0) v4))) (&& (== (! (!= (+ (/ v0 12) 1) 0)) (! (== (min (- (max v0 249) (* v1 16)) (+ (min v2 0) 15)) (min (- (max v0 249) (* v1 16)) (+ (min v2 0) 15))))) (>= (! (>= (max (- -1117 (* v0 32)) (+ (* v0 32) 82)) 0)) (! (== (- (/ (+ (+ v0 v1) 62) 63) (+ (* v2 2) v3)) (- (/ (+ (+ v0 v1) 62) 63) (+ (* v2 2) v3)))))))),0,1
85,(> (< (! (== (min (/ (- (+ v0 v1) 1) 16) (+ v2 62)) (min (/ (- (+ v0 v1) 1) 16) (+ v2 62)))) (== (! (== (max (+ (- (* v0 9) (* (/ (- (+ v1 v2) 1) 250) 32)) (+ (* (/ v2 250) 32) (* v3 18))) v4) (max (+ (- (* v0 9) (* (/ (- (+ v1 v2) 1) 250) 32)) (+ (* (/ v2 250) 32) (* v3 18))) v4))) (! (== (/ (+ (- (max (min (* (/ (- (+ v0 v1) 1) 8) 8) 1983) -5) (max (min (* (/ v1 8) 8) 2012) 16)) 1032) 1000) (/ (+ (- (max (min (* (/ (- (+ v0 v1) 1) 8) 8) 1983) -5) (max (min (* (/ v1 8) 8) 2012) 16)) 1032) 1000))))) (<= (! (>= (+ (/ (- (max (/ (+ (+ v0 v1) 23) 8) 249) (min (/ v1 8) 4)) 4) 2) 0)) (! (== (max (min (max (/ (+ (- (max v0 0) (* v1 8)) 119) 68) 0) (/ (+ (* (min v2 10) 8) 122) 68)) (+ (/ (min (min (min (* (- (max (min (/ v3 8) 254) 5) v1) 8) (- (* (- v4 v1) 8) 13)) (- (min (- (+ v5 v0) (* v1 8)) (+ (min (* (- v4 v1) 8) (+ (- (+ v5 v0) (* v1 8)) 64)) 7)) 20)) (+ (* (min v2 10) 8) 54)) 68) 1)) (max (min (max (/ (+ (- (max v0 0) (* v1 8)) 119) 68) 0) (/ (+ (* (min v2 10) 8) 122) 68)) (+ (/ (min (min (min (* (- (max (min (/ v3 8) 254) 5) v1) 8) (- (* (- v4 v1) 8) 13)) (- (min (- (+ v5 v0) (* v1 8)) (+ (min (* (- v4 v1) 8) (+ (- (+ v5 v0) (* v1 8)) 64)) 7)) 20)) (+ (* (min v2 10) 8) 54)) 68) 1)))))),0,1
86,(<= (max (|| (! (== (- v0 (max (min v1 250) 1)) (- v0 (max (min v1 250) 1)))) (! (&& (&& (&& (&& (&& (&& 1 (<= v0 v0)) (>= v0 v0)) (<= 0 0)) (>= 0 0)) (<= (+ 0 (min (* v1 8) 14)) (min (* v1 8) 14))) (>= (+ 3 (+ (min (* v1 8) 14) 4)) (+ (min (* v1 8) 14) 7))))) (<= (! (!= (+ (/ v0 3) 10) 0)) (! (== (* (/ (* (% v0 (/ (+ (- v1 v2) 48) 32)) -32) 4) 4) (* (% v0 (/ (+ (- v1 v2) 48) 32)) -32))))) (! (!= (/ (+ (- v0 v1) 88) 32) 0))),0,1
87,(&& (|| (! (== (* (/ (+ (max (min (+ (* v1 -64) (- (max (min (+ (min (+ (* v2 128) 128) v3) v4) 2000) 1) (max (min (+ (* v2 128) v4) 1999) 0))) 64) 0) (* v1 64)) 4) 4) (+ (max (min (+ (* v1 -64) (- (max (min (+ (min (+ (* v2 128) 128) v3) v4) 2000) 1) (max (min (+ (* v2 128) v4) 1999) 0))) 64) 0) (* v1 64)))) (&& (! (== (min (+ (* (/ (+ (* v0 8) 145) 132) 132) (* (/ v1 65) 8)) (+ (* (/ (+ (+ v2 v1) 64) 65) 8) 14)) (min (+ (* (/ (+ (* v0 8) 145) 132) 132) (* (/ v1 65) 8)) (+ (* (/ (+ (+ v2 v1) 64) 65) 8) 14)))) (! (== (* (/ (max (min (+ (* v0 -42) (- (+ (/ v2 16) v1) (/ v2 16))) 42) 0) 2) 2) (max (min (+ (* v0 -42) (- (+ (/ v2 16) v1) (/ v2 16))) 42) 0))))) (&& (! (== (min (- (/ (+ (+ v0 v1) 55) 8) (/ v1 8)) (+ v2 3)) (min (- (/ (+ (+ v0 v1) 55) 8) (/ v1 8)) (+ v2 3)))) (! (== (min (+ (* v0 4) (+ (max (* v1 16) -2) (* v2 4))) (+ (* (+ (* v1 4) v2) 4) 12)) (min (+ (* v0 4) (+ (max (* v1 16) -2) (* v2 4))) (+ (* (+ (* v1 4) v2) 4) 12)))))),0,1
88,(!= (== (! (>= 0 (- (+ 0 (/ (+ (% (+ v0 v1) 4) 159) 8)) 1))) (! (== (* (/ (* (% v0 (/ (+ v1 28) 18)) -18) 9) 9) (* (% v0 (/ (+ v1 28) 18)) -18)))) (== (! (== (/ (+ (- v0 v1) 141) 130) (/ (+ (- v0 v1) 141) 130))) (!= (! (== (- (* (+ (* v0 8) v1) 4) 4) (- (+ (- (* (+ (* v0 8) v1) 4) 4) (+ (* (min v2 4) 4) 16)) 1))) (! (>= (- -3 (max (* (/ (+ (- v0 v1) 25) 4) 4) 1)) (- (+ (- -3 (max (* (/ (+ (- v0 v1) 25) 4) 4) 1)) (+ (max (* (/ (+ (- v0 v1) 25) 4) 4) 1) 6)) 1)))))),0,1
89,(! (<= (max (|| (! (== (+ (+ v0 v1) 93) (+ (+ v0 v1) 93))) (! (== (min (/ (+ (+ v0 v1) 15) 16) (+ (+ (/ v1 16) (* (/ v2 32) 32)) 31)) (min (/ (+ (+ v0 v1) 15) 16) (+ (+ (/ v1 16) (* (/ v2 32) 32)) 31))))) (> (! (== (min (max (min (/ (+ (+ v0 v1) 7) 8) 249) 0) (+ v2 6)) (min (max (min (/ (+ (+ v0 v1) 7) 8) 249) 0) (+ v2 6)))) (! (== (- (- (max (min v0 249) 0) (* v1 9)) (max (min (/ (+ v2 v3) 8) 249) 0)) (- (- (max (min v0 249) 0) (* v1 9)) (max (min (/ (+ v2 v3) 8) 249) 0)))))) (! (== (+ (min (* v0 3) 14) (min (* (/ (- (+ v1 v2) 1) 63) 8) (+ (+ (* v3 17) (* (/ v2 63) 8)) 3))) (+ (min (* v0 3) 14) (min (* (/ (- (+ v1 v2) 1) 63) 8) (+ (+ (* v3 17) (* (/ v2 63) 8)) 3))))))),0,1
90,(> (|| (! (== (- (- (* (max (min (/ (- (+ v0 v1) 1) 2) 999) 0) 2) (* v2 125)) (* (max (min (/ v1 2) 999) 0) 2)) (- (- (* (max (min (/ (- (+ v0 v1) 1) 2) 999) 0) 2) (* v2 125)) (* (max (min (/ v1 2) 999) 0) 2)))) (min (== (! (== (+ (+ (* v0 500) v1) (+ (* v2 250) v3)) (+ (+ (* v0 500) v1) (+ (* v2 250) v3)))) (! (== (min (- v0 (max (min (/ (+ v1 v2) 8) 249) 0)) v3) (min (- v0 (max (min (/ (+ v1 v2) 8) 249) 0)) v3)))) (! (== (+ (/ (- (/ (+ (max (min (* (/ (- (+ v0 v1) 1) 4) 8) 3994) -5) 5) 2) (/ (- (max (min (* (/ v1 4) 8) 4012) 13) 13) 2)) 64) 1) (+ (/ (- (/ (+ (max (min (* (/ (- (+ v0 v1) 1) 4) 8) 3994) -5) 5) 2) (/ (- (max (min (* (/ v1 4) 8) 4012) 13) 13) 2)) 64) 1))))) (! (== (min (- v0 42) v1) (min (- v0 42) v1)))),0,1
91,(<= (max (! (!= (/ (+ v0 31) 16) 0)) (! (== (min (* v0 4) (+ (+ (* v1 74) (* v2 4)) 51)) (min (* v0 4) (+ (+ (* v1 74) (* v2 4)) 51))))) (<= (! (!= (/ (+ (- v0 v1) 221) 212) 0)) (== (! (>= (- v0 8) (- (+ (- v0 8) (+ (min (+ (- v1 v2) v3) -16) 17)) 1))) (! (== (min (+ (* v0 36) (+ (max (* v1 64) -9) v2)) (+ (+ (* v1 64) v2) 28)) (min (+ (* v0 36) (+ (max (* v1 64) -9) v2)) (+ (+ (* v1 64) v2) 28))))))),0,1
92,(min (<= (<= (! (>= (+ (+ v0 v1) v2) (+ (+ (+ v0 v1) (- v2 1)) 1))) (! (== (/ (+ (min v0 -126) 261) 4) (/ (+ (min v0 -126) 261) 4)))) (!= (! (== (+ (min (* v0 504) 500) (+ (min (+ (* v1 1004) 1002) v2) v3)) (+ (min (* v0 504) 500) (+ (min (+ (* v1 1004) 1002) v2) v3)))) (! (== (- -1 (max (min (- v0 v1) 3) 0)) (- (+ (- -1 (max (min (- v0 v1) 3) 0)) (+ (max (min (- v0 v1) 3) 0) 5)) 1))))) (! (== (* (/ (* (% v0 (/ (+ (* v1 32) 463) 40)) -40) 4) 4) (* (% v0 (/ (+ (* v1 32) 463) 40)) -40)))),0,1
93,(min (> (! (== (- (max v0 0) (+ (* (+ (* v1 20) v2) 4) (+ (* v3 156) v4))) (- (max v0 0) (+ (* (+ (* v1 20) v2) 4) (+ (* v3 156) v4))))) (== (! (== (max (- -1 (max v0 -1)) (- (min (- (+ (* v1 64) (+ (* v2 252) v3)) (min (+ (min (+ (* (/ (- (min (+ (+ (min (* v1 64) 188) (* v2 252)) 64) v4) 3) 4) 4) v3) (+ (+ (min (* v1 64) 188) (+ (* v2 252) v3)) 58)) 6) (+ v4 v3))) 1) 1)) (max (- -1 (max v0 -1)) (- (min (- (+ (* v1 64) (+ (* v2 252) v3)) (min (+ (min (+ (* (/ (- (min (+ (+ (min (* v1 64) 188) (* v2 252)) 64) v4) 3) 4) 4) v3) (+ (+ (min (* v1 64) 188) (+ (* v2 252) v3)) 58)) 6) (+ v4 v3))) 1) 1)))) (! (== (max (min (/ (+ (* v0 128) 1297) 1116) (+ (max (min (/ (+ (* (- (/ (+ (+ v1 v2) 124) 125) (/ v2 125)) 128) 181) 1116) (/ (+ (* (- (/ (+ (+ v1 v2) 124) 125) (/ v2 125)) 32) 45) 279)) (/ (+ (* (- (/ (+ (+ v1 v2) 124) 125) (/ v2 125)) 128) 186) 1116)) 1)) (/ (+ v3 182) 1116)) (max (min (/ (+ (* v0 128) 1297) 1116) (+ (max (min (/ (+ (* (- (/ (+ (+ v1 v2) 124) 125) (/ v2 125)) 128) 181) 1116) (/ (+ (* (- (/ (+ (+ v1 v2) 124) 125) (/ v2 125)) 32) 45) 279)) (/ (+ (* (- (/ (+ (+ v1 v2) 124) 125) (/ v2 125)) 128) 186) 1116)) 1)) (/ (+ v3 182) 1116)))))) (|| (! (== (+ (min (+ (max (* v0 6) -2) (* v1 4)) (+ (* v0 6) 2)) (+ (min (* v2 125) (- v3 125)) v4)) (+ (min (+ (max (* v0 6) -2) (* v1 4)) (+ (* v0 6) 2)) (+ (min (* v2 125) (- v3 125)) v4)))) (! (== (/ (+ (min (- v0 v1) 60) 7) 4) (/ (+ (min (- v0 v1) 60) 7) 4))))),0,1
94,(&& (< (max (! (== (+ (max (min v0 999) 0) (* v1 32)) (+ (max (min v0 999) 0) (* v1 32)))) (! (== (min (max (max (/ (+ (- v0 v1) 3) 4) (+ (min (min (+ (/ (- -159 v1) 4) (* v2 2)) (- (/ (- (+ v3 v0) v1) 4) 1)) (/ (- (- (min (* v2 8) (+ (+ v3 v0) 158)) v1) 159) 4)) 1)) 0) v4) (min (max (max (/ (+ (- v0 v1) 3) 4) (+ (min (min (+ (/ (- -159 v1) 4) (* v2 2)) (- (/ (- (+ v3 v0) v1) 4) 1)) (/ (- (- (min (* v2 8) (+ (+ v3 v0) 158)) v1) 159) 4)) 1)) 0) v4)))) (! (== (+ (min v0 0) (* (+ (* v1 3) v2) 2)) (+ (min v0 0) (* (+ (* v1 3) v2) 2))))) (max (! (== (min (+ (+ (* v0 64) (+ (* v1 126) v2)) 53) (+ v3 v2)) (min (+ (+ (* v0 64) (+ (* v1 126) v2)) 53) (+ v3 v2)))) (! (>= (+ (* v0 4) v1) (+ (+ (* v0 4) (- v1 1)) 1))))),0,1
95,(<= (max (! (== (+ (max (min v0 999) 0) (* v1 32)) (+ (max (min v0 999) 0) (* v1 32)))) (!= (&& (! (== (- (* (max v0 220) 8) 1787) (- (+ (- (* (max v0 220) 8) 1787) (- 1792 (* (max v0 220) 8))) 1))) (! (>= (+ (- (max (+ v0 v1) 1995) (min v1 3)) 509) 0))) (! (== (min (+ v0 41) v1) (min (+ v0 41) v1))))) (! (== (/ (+ (- (max (min (* (/ (+ (+ v0 v1) 440) 63) 8) 246) -3) (max (min (* (/ v1 63) 8) 310) 61)) 71) 2) (/ (+ (- (max (min (* (/ (+ (+ v0 v1) 440) 63) 8) 246) -3) (max (min (* (/ v1 63) 8) 310) 61)) 71) 2)))),0,1
96,(>= (! (== (min (+ (* (+ (* v0 2) v1) 4) 9) v2) (min (+ (* (+ (* v0 2) v1) 4) 9) v2))) (! (|| (! (== (! (>= (+ (max (/ (- v0 v1) 4) -8) 8) (- (+ (+ (max (/ (- v0 v1) 4) -8) 8) (- (- (/ (+ (- v0 v1) 35) 4) (max (/ (- v0 v1) 4) -8)) 8)) 1))) (&& (! (== (min (+ v0 9) v1) (min (+ v0 9) v1))) (! (== (+ (* v0 252) (+ (min (* v1 128) 124) (* (max (min (/ v2 2) 999) 0) 2))) (+ (* v0 252) (+ (min (* v1 128) 124) (* (max (min (/ v2 2) 999) 0) 2)))))))) (! (== (+ (/ v0 2) (+ (* v1 16) (- (* v2 63) (/ (+ (+ v3 v0) 1) 2)))) (+ (/ v0 2) (+ (* v1 16) (- (* v2 63) (/ (+ (+ v3 v0) 1) 2))))))))),0,1
97,(>= (== (&& (! (== (min (- (max (min (* (/ (+ (+ v0 v1) 7) 8) 2) 497) -2) (max (min (* (/ v1 8) 2) 509) 10)) v2) (min (- (max (min (* (/ (+ (+ v0 v1) 7) 8) 2) 497) -2) (max (min (* (/ v1 8) 2) 509) 10)) v2))) (! (< (+ (+ (/ v0 4) (* v1 250)) 250) (- (+ (/ v0 4) (* (+ v1 1) 250)) 1)))) (> (! (== (/ (+ (- v0 v1) 146) 133) (/ (+ (- v0 v1) 146) 133))) (! (== (- (max (min (+ (* v0 4) v1) (+ (min v2 990) 15)) 6) (+ (max (min (+ (* v0 4) v1) (+ (min v2 993) 15)) 9) (* v3 4))) (- (max (min (+ (* v0 4) v1) (+ (min v2 990) 15)) 6) (+ (max (min (+ (* v0 4) v1) (+ (min v2 993) 15)) 9) (* v3 4))))))) (! (== (+ (* (min (- (+ v0 v1) (* v2 1000)) (+ v1 1000)) -4) (+ (* v3 250) (* (+ (* v4 500) v1) 4))) (+ (* (min (- (+ v0 v1) (* v2 1000)) (+ v1 1000)) -4) (+ (* v3 250) (* (+ (* v4 500) v1) 4)))))),0,1
98,(max (|| (>= (&& (! (== (min (- (max (min (/ (+ (+ v0 v1) 7) 8) 249) 0) (max (min (/ v1 8) 249) 0)) (+ v2 1)) (min (- (max (min (/ (+ (+ v0 v1) 7) 8) 249) 0) (max (min (/ v1 8) 249) 0)) (+ v2 1)))) (! (== (* (/ (* (min (+ (* v2 1024) (* (/ v1 32) 32)) (+ (* (min (+ (* v2 32) (- (/ v1 32) 1)) (/ (- (+ v3 v1) 1) 32)) 32) 76)) -1) 4) 4) (* (min (+ (* v2 1024) (* (/ v1 32) 32)) (+ (* (min (+ (* v2 32) (- (/ v1 32) 1)) (/ (- (+ v3 v1) 1) 32)) 32) 76)) -1)))) (! (== (/ (+ (* (- (/ (+ (+ v0 v1) 31) 32) (/ v1 32)) 16) 100) 18) (/ (+ (* (- (/ (+ (+ v0 v1) 31) 32) (/ v1 32)) 16) 100) 18)))) (! (== (+ (min (+ (* (+ v0 v1) 8) 5) v2) (* v3 4)) (+ (min (+ (* (+ v0 v1) 8) 5) v2) (* v3 4))))) (! (== (max (min (min (- (/ (+ (+ v0 v1) 37) 4) (* v2 16)) (+ (min (- (/ (min (+ (* v3 64) 63) (+ v0 v1)) 4) (* v2 16)) (+ (* (- v3 v2) 16) 15)) 10)) (+ (* (min (- (- (/ (- (+ v4 v5) 1) 63) (* v6 2)) (/ v5 63)) 1) 16) 26)) (+ (min (max (- (/ v1 4) (* v2 16)) -11) (+ (* (min (- (- (/ (- (+ v4 v5) 1) 63) (* v6 2)) (/ v5 63)) 1) 16) 16)) 10)) (max (min (min (- (/ (+ (+ v0 v1) 37) 4) (* v2 16)) (+ (min (- (/ (min (+ (* v3 64) 63) (+ v0 v1)) 4) (* v2 16)) (+ (* (- v3 v2) 16) 15)) 10)) (+ (* (min (- (- (/ (- (+ v4 v5) 1) 63) (* v6 2)) (/ v5 63)) 1) 16) 26)) (+ (min (max (- (/ v1 4) (* v2 16)) -11) (+ (* (min (- (- (/ (- (+ v4 v5) 1) 63) (* v6 2)) (/ v5 63)) 1) 16) 16)) 10))))),0,1
99,(>= (max (! (== (* (/ (* (min (* (/ (+ (min (* v3 125) (- v4 125)) v2) 500) 64) (+ (* (min (* (/ (+ (min (* v3 125) (- v4 125)) v2) 500) 8) (+ (* (/ (+ (min (* v3 125) (- v4 125)) (+ v2 124)) 500) 8) 10)) 8) 5)) -1) 4) 4) (* (min (* (/ (+ (min (* v3 125) (- v4 125)) v2) 500) 64) (+ (* (min (* (/ (+ (min (* v3 125) (- v4 125)) v2) 500) 8) (+ (* (/ (+ (min (* v3 125) (- v4 125)) (+ v2 124)) 500) 8) 10)) 8) 5)) -1))) (! (== (+ (min (* v0 252) 748) (+ v1 v2)) (+ (min (* v0 252) 748) (+ v1 v2))))) (|| (! (== (- (- (/ (- (+ v0 v1) 1) 4) (* v2 32)) (/ v1 4)) (- (- (/ (- (+ v0 v1) 1) 4) (* v2 32)) (/ v1 4)))) (== (! (== (/ (+ v0 29) 4) (/ (+ v0 29) 4))) (! (== (- (- (/ (+ (+ v0 v1) 505) 2) (* v2 4)) (/ (+ v0 v1) 2)) (- (- (/ (+ (+ v0 v1) 505) 2) (* v2 4)) (/ (+ v0 v1) 2))))))),0,1
100,(<= (== (! (== (/ (+ v0 6) 252) (- (+ (/ (+ v0 6) 252) (/ (+ (% (+ v0 6) 252) 255) 252)) 1))) (== (! (== (+ (max (min (/ v0 8) 256) 7) (* v1 32)) (+ (max (min (/ v0 8) 256) 7) (* v1 32)))) (! (== (min (/ (- (+ v0 v1) 1) 16) (+ (+ (min (* v2 12) 20) (+ (/ v1 16) (* v3 32))) 11)) (min (/ (- (+ v0 v1) 1) 16) (+ (+ (min (* v2 12) 20) (+ (/ v1 16) (* v3 32))) 11)))))) (!= (! (== (min (+ (* v0 8) 441) v1) (min (+ (* v0 8) 441) v1))) (! (== (min (max (max (- (* (+ v0 v1) 8) 41) v2) (+ v3 v2)) (- (* (+ v0 v1) 8) 22)) (min (max (max (- (* (+ v0 v1) 8) 41) v2) (+ v3 v2)) (- (* (+ v0 v1) 8) 22)))))),0,1
